brand,model,price,fuel_type,color
honda,amaze 1.2 vx i-vtec,505000,petrol,grey
maruti suzuki,swift dzire vdi,450000,diesel,white
hyundai,i10 magna 1.2 kappa2,220000,petrol,maroon
toyota,glanza g,799000,petrol,red
toyota,innova 2.4 vx 7 str [2016-2020],1950000,diesel,grey
maruti suzuki,ciaz zxi,675000,petrol,grey
bmw,x1 xdrive20d m sport,2650000,diesel,white
skoda,octavia 1.8 tsi style plus at [2017],1390000,petrol,white
nissan,terrano xl (d),575000,diesel,white
hyundai,elite i20 sportz 1.2,591000,petrol,red
renault,kwid 1.0 rxt [2016-2019],459999,petrol,grey
maruti suzuki,ciaz alpha hybrid 1.5 at [2018-2020],1075000,petrol,blue
tata,harrier xz [2019-2020],1695000,diesel,orange
volkswagen,polo gt tsi,944999,petrol,grey
maruti suzuki,celerio zxi amt [2019-2020],569000,petrol,red
maruti suzuki,alto 800 lxi (o),449000,petrol,grey
maruti suzuki,baleno alpha automatic,894999,petrol,grey
maruti suzuki,wagon r zxi 1.2 amt,699000,petrol,white
hyundai,creta 1.6 e petrol,740000,petrol,silver
maruti suzuki,s-presso vxi amt,470000,petrol,grey
volkswagen,vento comfortline petrol at,765000,petrol,brown
hyundai,santro sportz amt [2018-2020],589000,petrol,white
hyundai,venue sx 1.0 (o) petrol [2019-2020],999000,petrol,blue
maruti suzuki,alto lxi cng,370000,cng,grey
maruti suzuki,ritz zxi bs-iv,325000,petrol,grey
hyundai,creta 1.6 sx plus petrol,1175000,petrol,grey
honda,brio v mt,351000,petrol,red
hyundai,elite i20 asta 1.2,551000,petrol,white
honda,wr-v vx mt petrol,819999,petrol,white
hyundai,venue sx 1.0 turbo imt,990000,petrol,blue
hyundai,creta 1.6 sx plus at,925000,diesel,black
ford,ecosport titanium+ 1.0l ecoboost,535000,petrol,silver
hyundai,santro gl (cng),145000,cng,silver
tata,tiago revotron xe [2016-2019],409000,petrol,white
tata,tigor revotorq xt,490000,diesel,white
toyota,innova 2.4 g 8 str [2016-2017],1900000,diesel,bronze
mercedes-benz,glc 220 d progressive,3850000,diesel,black
hyundai,creta sx 1.6 crdi (o),1125000,diesel,white
mercedes-benz,m-class ml 250 cdi,2300000,diesel,white
toyota,corolla altis vl at petrol,1095000,petrol,black
audi,a4 2.0 tdi (177bhp) premium plus,1575000,diesel,white
mercedes-benz,slk-class slk 200 k,2400000,petrol,grey
hyundai,elite i20 asta 1.2,525000,petrol,gold
mahindra,thar crde 4x4 ac,625000,diesel,white
maruti suzuki,baleno delta 1.2,605000,petrol,silver
maruti suzuki,celerio vxi amt,412000,petrol,silver
maruti suzuki,ciaz vdi shvs,625000,diesel,brown
maruti suzuki,ciaz vxi,511000,petrol,silver
hyundai,creta sx plus 1.6 at crdi,1150000,diesel,grey
hyundai,creta sx plus 1.6  petrol,885000,petrol,white
renault,kwid 1.0 rxt amt opt,470000,petrol,silver
mg,hector sharp 2.0 diesel [2019-2020],1611000,diesel,white
tata,tiago revotron xza [2017-2019],475000,petrol,silver
toyota,innova 2.5 gx bs iv 7 str,865000,diesel,silver
bmw,x3 xdrive 20d luxury line [2018-2020],3800000,diesel,blue
jeep,compass limited plus 2.0 diesel 4x4 at,2475000,diesel,white
mahindra,scorpio sle bs-iv,400000,diesel,white
honda,brio s mt,440000,petrol,white
bmw,3-series 320i luxury line,2800000,petrol,white
honda,city v petrol [2017-2019],645000,petrol,white
volkswagen,polo highline1.2l (d),365000,diesel,silver
maruti suzuki,vitara brezza zxi plus,1044999,petrol,silver
maruti suzuki,eeco 7 str [2019-2020],515000,petrol,grey
hyundai,grand i10 asta at 1.2 kappa vtvt [2013-2016],455000,petrol,blue
bmw,x3 xdrive20d,1800000,diesel,black
toyota,fortuner 2.8 4x2 at [2016-2020],3499000,diesel,white
honda,civic 1.8s mt,190000,petrol,maroon
maruti suzuki,swift zxi plus amt,775000,petrol,grey
hyundai,elite i20 sportz 1.5 mt diesel,825000,diesel,white
audi,a3 35 tdi technology + sunroof,2250000,diesel,white
honda,city v cvt petrol [2017-2019],865000,petrol,grey
ford,figo duratorq diesel titanium 1.4,299000,diesel,red
honda,jazz vx petrol,570000,petrol,brown
volkswagen,polo highline1.2l (p),385000,petrol,white
honda,amaze 1.5 sx i-dtec,350000,diesel,black
toyota,camry 2.5l at,2345000,petrol,brown
mahindra,thar lx 4-str hard top petrol at,1650000,petrol,black
mercedes-benz,c-class 250 cdi elegance,1100000,diesel,black
audi,q3 35 tdi quattro premium plus,2900000,diesel,white
maruti suzuki,baleno sigma 1.2,545000,petrol,red
bmw,x1 sdrive20d xline,2990000,diesel,white
maruti suzuki,baleno zeta 1.2,615000,petrol,silver
hyundai,creta 1.6 sx plus at,890000,diesel,silver
volkswagen,vento comfortline petrol,430000,petrol,brown
mercedes-benz,c-class 220 blueefficiency,1650000,diesel,silver
toyota,camry hybrid,1599000,petrol,silver
maruti suzuki,dzire vxi,691000,petrol,white
nissan,terrano xv d thp 110 ps,650000,diesel,white
maruti suzuki,wagon r lxi cng,415000,cng,brown
maruti suzuki,vitara brezza ldi (o) [2016-2018],669000,diesel,grey
porsche,cayenne coupe platinum edition,16200000,petrol,blue
mercedes-benz,c-class cabriolet c 300,5100000,petrol,white
hyundai,elite i20 magna 1.2,525000,petrol,silver
hyundai,verna 1.6 vtvt sx,750000,petrol,black
honda,amaze 1.2 sx i-vtec,445000,petrol,bronze
toyota,corolla altis 1.8 g,493000,petrol,silver
hyundai,elite i20 sportz 1.2 (o),611000,petrol,red
hyundai,grand i10 asta at 1.2 kappa vtvt [2013-2016],475000,petrol,white
hyundai,creta sx plus 1.6  petrol,925000,petrol,grey
audi,a6 2.0 tdi premium,1325000,diesel,white
bmw,x1 sdrive20d xline,3900000,diesel,black
mahindra,xuv300 w8 (o) 1.5 diesel,1299000,diesel,white
maruti suzuki,swift zdi plus,580000,diesel,blue
mahindra,thar lx 4-str hard top petrol mt,1575000,petrol,blue
honda,city 1.5 s mt,375000,petrol,bronze
mercedes-benz,e-class e 250 cdi avantgarde,2250000,diesel,white
toyota,fortuner 3.0 4x2 at,1400000,diesel,white
tata,zest xm 75 ps diesel,425000,diesel,silver
skoda,rapid ambition 1.6 mpi at plus,425000,petrol,beige
maruti suzuki,alto 800 lxi,250000,petrol,maroon
maruti suzuki,ertiga vdi,425000,diesel,white
ford,figo duratorq diesel zxi 1.4,235000,diesel,white
audi,a3 35 tdi technology + sunroof,3050000,diesel,white
tata,harrier xz plus,2145000,diesel,red
hyundai,elite i20 asta (o) 1.0 turbo dct,1245000,petrol,red
hyundai,elite i20 asta 1.2,549000,petrol,silver
volkswagen,polo highline1.2l (d),484999,diesel,white
maruti suzuki,swift dzire vxi,415000,petrol,grey
hyundai,santro gl (cng),200000,cng,white
hyundai,grand i10 sportz 1.2 kappa vtvt [2013-2016],375000,petrol,grey
hyundai,creta sx (o) 1.4 turbo 7 dct dual tone [2022-2022],1875000,petrol,black
audi,q2 premium plus i 40 tfsi quattro,2950000,petrol,white
audi,q7 45 tdi premium plus,4900000,diesel,black
hyundai,elite i20 asta (o) 1.0 turbo dct,1050000,petrol,white
hyundai,verna fluidic 1.6 crdi sx,470000,diesel,grey
maruti suzuki,wagon r vxi,345000,petrol,silver
mahindra,scorpio 2.6 turbo 7 str,550000,diesel,white
hyundai,grand i10 magna 1.2 kappa vtvt [2013-2016],484999,petrol,white
toyota,fortuner 2.8 4x2 at [2016-2020],3350000,diesel,white
audi,q5 45 tfsi premium plus,5651000,petrol,blue
renault,duster rxs 1.5 petrol mt,890000,petrol,white
maruti suzuki,swift dzire vxi,325000,petrol,white
hyundai,creta sx 1.6 at petrol,1390000,petrol,white
hyundai,grand i10 magna 1.2 kappa vtvt [2013-2016],459999,petrol,white
jeep,compass limited (o) 2.0 diesel [2017-2020],1075000,diesel,white
hyundai,verna ex 1.6 crdi [2017-2018],484999,diesel,white
hyundai,i20 magna 1.2,385000,petrol,white
audi,a6 35 tdi matrix,3900000,diesel,black
mahindra,marazzo m2 8 str,1050000,diesel,green
kia,seltos htx plus 1.5 diesel [2020-2021],1575000,diesel,silver
maruti suzuki,baleno alpha 1.2,655000,petrol,blue
mercedes-benz,e-class e 220d expression [2019-2019],4500000,diesel,white
maruti suzuki,ertiga zdi + shvs,865000,diesel,white
hyundai,verna fluidic 1.6 vtvt sx,699000,petrol,white
hyundai,verna fluidic 1.6 crdi sx,425000,diesel,white
land rover,discovery sport s,6500000,diesel,white
toyota,fortuner 2.8 4x2 at [2016-2020],2900000,diesel,white
mercedes-benz,gle 250 d,4550000,diesel,silver
hyundai,xcent s 1.2 (o),490000,petrol,white
mercedes-benz,s-class maybach s 500,11500000,petrol,blue
hyundai,creta sx 1.6 at petrol,1475000,petrol,white
mg,astor sharp 1.5 cvt,1764999,petrol,red
honda,cr-v 2.4 at,250000,petrol,black
maruti suzuki,alto 800 lxi,245000,petrol,white
renault,duster 85 ps rxl,490000,diesel,white
hyundai,grand i10 sportz (o) 1.2 kappa vtvt [2017-2018],550000,petrol,grey
honda,city v,675000,petrol,red
mercedes-benz,c-class c 200 avantgarde,2225000,petrol,blue
hyundai,elite i20 asta 1.4 (o) crdi,560000,diesel,white
skoda,fabia elegance 1.6 mpi,225000,petrol,silver
skoda,rapid 1.5 tdi cr ambition plus at,499000,diesel,black
kia,sonet gtx plus 1.0 dct [2020-2021],1055000,petrol,gold
mahindra,xuv500 w11 at,2048999,diesel,white
bmw,3-series 320d luxury line,2775000,diesel,brown
mercedes-benz,gla 200 cdi sport,1650000,diesel,white
audi,a6 35 tdi premium,1450000,diesel,red
mahindra,scorpio vlx 2wd bs-iv,600000,diesel,white
toyota,fortuner 3.0 4x4 mt,1675000,diesel,white
hyundai,elite i20 magna 1.2,575000,petrol,white
ford,ecosport titanium+ 1.5l tdci,699000,diesel,grey
audi,q7 3.0 tdi quattro premium plus,2450000,diesel,blue
mercedes-benz,c-class c 250 d,2775000,diesel,black
maruti suzuki,s-presso vxi,430000,petrol,silver
mahindra,scorpio s5 2wd 7 str,1165000,diesel,white
mg,hector sharp 2.0 diesel turbo mt,1780000,diesel,black
maruti suzuki,swift vdi bs-iv,295000,diesel,silver
maruti suzuki,swift zdi,495000,diesel,white
honda,city vx (o) mt,975000,petrol,silver
renault,duster 110 ps rxl diesel,425000,diesel,white
audi,q3 2.0 tdi quattro premium,1350000,diesel,white
mercedes-benz,m-class 350 cdi,3200000,diesel,silver
volvo,v40 cross country d3,1250000,diesel,silver
bmw,5-series 530d m sport [2013-2017],5600000,diesel,white
maruti suzuki,swift dzire vdi,560000,diesel,gold
mahindra,scorpio s5 2wd 7 str,1221000,diesel,white
honda,city 1.5 s at,295000,petrol,grey
mercedes-benz,c-class 200 cgi,1300000,petrol,silver
hyundai,creta 1.6 sx plus at,950000,diesel,silver
mercedes-benz,e-class e350 cdi avantgarde,1350000,diesel,white
mercedes-benz,m-class ml 350 cdi,2682000,diesel,white
maruti suzuki,alto 800 lxi,286000,petrol,silver
hyundai,i20 magna 1.4 crdi,340000,diesel,silver
skoda,rapid style at,1125000,petrol,red
tata,nexon xma petrol,580000,petrol,red
maruti suzuki,swift dzire vxi,495000,petrol,silver
maruti suzuki,swift dzire zdi,550000,diesel,white
kia,sonet gtx plus 1.5 at [2020-2021],1485000,diesel,red
skoda,rapid monte carlo 1.6 mpi mt,885000,petrol,red
audi,rs5 4.2 coupe,3650000,petrol,blue
hyundai,grand i10 nios magna amt 1.2 kappa vtvt,715000,petrol,silver
mercedes-benz,r-class r350 4matic,2485000,petrol,white
toyota,innova 2.4 g 7 str [2016-2017],2250000,diesel,grey
hyundai,creta sx plus 1.6 at crdi,1050000,diesel,silver
toyota,fortuner 2.8 4x2 at [2016-2020],3600000,diesel,white
honda,city 1.5 s mt,295000,petrol,white
renault,kwid rxt opt,375000,petrol,silver
audi,a6 2.0 tfsi technology pack,7200000,petrol,white
tata,safari xza plus 6s adventure new,2395000,diesel,blue
audi,a6 2.0 tdi premium,1775000,diesel,white
honda,brio ex mt,325000,petrol,silver
maruti suzuki,swift zdi,425000,diesel,white
mahindra,scorpio s9 2wd 7 str,1475000,diesel,white
toyota,innova 2.8 gx at 7 str [2016-2020],1580000,diesel,beige
honda,amaze vx cvt 1.2 petrol,869000,petrol,brown
mercedes-benz,gle 250 d,5850000,diesel,grey
jeep,compass longitude plus 2.0 diesel 4x4 at,1900000,diesel,grey
maserati,levante diesel,9000000,diesel,white
toyota,fortuner 2.8 4x2 at [2016-2020],3550000,diesel,black
porsche,cayenne turbo,3500000,petrol,blue
toyota,innova gx 2.4 at 7 str,2425000,diesel,black
toyota,fortuner 3.0 mt,750000,diesel,white
audi,q7 35 tdi premium + sunroof,2200000,diesel,white
maruti suzuki,wagon r lxi 1.0 cng [2019-2020],520000,cng,white
maruti suzuki,alto vxi (o),390000,petrol,silver
maruti suzuki,ciaz vxi (o),540000,petrol,gold
maruti suzuki,swift vdi amt [2018-2019],699000,diesel,red
hyundai,verna fluidic 1.6 crdi sx,484999,diesel,white
mercedes-benz,c-class c 43 amg,7500000,petrol,red
mercedes-benz,e-class e250 cdi blueefficiency,850000,diesel,white
tata,nexon xza plus petrol,1085000,petrol,red
maruti suzuki,alto 800 vxi,319000,petrol,red
mahindra,xuv500 w8,549000,diesel,silver
tata,harrier xz [2019-2020],1725000,diesel,white
honda,mobilio s diesel,475000,diesel,white
tata,punch creative ira pack mt,890000,petrol,white
hyundai,grand i10 magna 1.2 kappa vtvt [2017-2020],445000,petrol,grey
honda,city v,1060000,petrol,maroon
maruti suzuki,baleno alpha 1.3,690000,diesel,orange
jaguar,f-pace prestige,4200000,diesel,blue
land rover,range rover sport se 2.0 petrol,12500000,petrol,white
toyota,fortuner 3.0 4x4 at,1750000,diesel,black
renault,kwid 1.0 rxt edition,395000,petrol,blue
bmw,x1 sdrive20d expedition,2790000,diesel,white
audi,q3 35 tdi quattro premium plus,2475000,diesel,red
maruti suzuki,wagon r lxi minor,145000,petrol,red
hyundai,elite i20 asta 1.2 at,750000,petrol,red
mahindra,xuv500 w10,950000,diesel,white
hyundai,grand i10 magna 1.2 kappa vtvt [2013-2016],569000,petrol,grey
maruti suzuki,swift dzire vxi,470000,petrol,white
porsche,cayenne diesel,5350000,diesel,white
nissan,terrano xl d plus,450000,diesel,silver
renault,kwid 1.0 rxt [2016-2019],299000,petrol,brown
hyundai,creta sx (o) 1.4 turbo 7 dct dual tone [2022-2022],1875000,petrol,black
mahindra,thar lx 4-str hard top diesel at,1825000,diesel,black
land rover,discovery sport hse 7-seater,4459000,diesel,white
toyota,glanza g cvt,790000,petrol,red
hyundai,creta 1.6 sx plus at petrol,1095000,petrol,red
toyota,innova 2.4 g 7 str [2016-2017],1950000,diesel,grey
volkswagen,polo gt tsi,525000,petrol,grey
isuzu,mu-x 4x2,2100000,diesel,white
maruti suzuki,alto vxi,270000,petrol,silver
toyota,corolla altis g at petrol,894999,petrol,white
hyundai,i10 sportz 1.2 at kappa2,335000,petrol,grey
tata,hexa xe 4x2 7 str,1000000,diesel,white
hyundai,i10 sportz 1.2,220000,petrol,gold
hyundai,creta 1.6 sx plus at petrol,960000,petrol,red
mercedes-benz,gls 350 d,7200000,diesel,white
audi,q3 2.0 tdi quattro premium plus,1300000,diesel,gold
volkswagen,polo comfortline 1.2l (p),375000,petrol,red
jaguar,xe prestige diesel,3299000,diesel,blue
audi,q3 35 tdi premium + sunroof,1798999,diesel,white
hyundai,verna fluidic 1.6 vtvt sx opt,545000,petrol,red
hyundai,venue sx 1.0 turbo imt,1085000,petrol,blue
maruti suzuki,vitara brezza vdi,725000,diesel,white
bmw,x3 xdrive20d,1090000,diesel,silver
honda,wr-v vx mt petrol,900000,petrol,white
bmw,5-series 520d luxury line [2017-2019],3400000,diesel,white
honda,amaze 1.5 s i-dtec,295000,diesel,bronze
tata,harrier xza plus dual tone,2251000,diesel,white
porsche,911 carrera 4,9300000,petrol,blue
maruti suzuki,wagon r lxi cng (o),430000,cng,brown
maruti suzuki,ciaz delta 1.3 hybrid,600000,diesel,brown
hyundai,tucson gl 2wd at petrol,1595000,petrol,blue
hyundai,i20 sportz 1.2,375000,petrol,white
volvo,v40 d3 kinetic,1200000,diesel,white
toyota,fortuner 3.0 4x2 at,1525000,diesel,white
mercedes-benz,c-class c 200 avantgarde,2675000,petrol,silver
honda,jazz v at petrol,545000,petrol,white
mercedes-benz,s-class s 350d [2018-2020],7900000,diesel,white
honda,jazz s,195000,petrol,silver
bmw,3-series 320d luxury edition,4550000,diesel,white
land rover,evoque hse dynamic,2499000,diesel,gold
hyundai,venue sx 1.5 crdi,1097000,diesel,white
volkswagen,polo gt tsi,1095000,petrol,red
maruti suzuki,wagon r lxi cng,325000,cng,white
mahindra,scorpio s11 4wd 7 str,1375000,diesel,black
maruti suzuki,swift vxi,745000,petrol,white
toyota,innova 2.4 vx 7 str [2016-2020],2175000,diesel,bronze
jeep,compass limited (o) 1.4 petrol at [2017-2020],1250000,petrol,white
maruti suzuki,swift vdi,500000,diesel,grey
honda,wr-v s mt petrol,625000,petrol,brown
honda,city 1.5 s mt,250000,petrol,silver
volkswagen,vento tsi,650000,petrol,white
honda,brio s mt,310000,petrol,brown
renault,duster rxl petrol,600000,petrol,black
ford,fiesta style diesel [2011-2014],295000,diesel,maroon
mahindra,xuv500 w8,484999,diesel,grey
bmw,5-series 530i sport line,4250000,petrol,blue
tata,safari 2.2 ex 4x2,375000,diesel,black
kia,seltos gtx plus at 1.4 [2019-2020],1625000,petrol,red
porsche,cayenne platinum edition diesel,5350000,diesel,silver
bmw,x5 xdrive30d xline,4250000,diesel,white
ford,ecosport trend 1.5 tdci,480000,diesel,white
hyundai,grand i10 nios magna 1.2 kappa vtvt,590000,petrol,white
hyundai,elite i20 sportz 1.4,561000,diesel,silver
toyota,corolla altis 1.8 g,725000,petrol,grey
hyundai,elantra 1.8 sx mt,645000,petrol,white
audi,q3 35 tdi premium + sunroof,1695000,diesel,white
maruti suzuki,swift lxi (o) [2014-2017],450000,petrol,white
mahindra,xuv500 w10,1375000,diesel,black
mahindra,thar ax 4-str convertible petrol mt,1700000,petrol,red
maruti suzuki,swift vxi [2014-2017],525000,petrol,red
maruti suzuki,dzire vdi,590000,diesel,grey
toyota,fortuner 3.0 4x2 at,1495000,diesel,white
bmw,5-series 520d m sport,3300000,diesel,blue
honda,amaze 1.5 sx i-dtec,385000,diesel,white
maruti suzuki,wagon r vxi+,535000,petrol,silver
maruti suzuki,vitara brezza zdi plus,875000,diesel,white
maruti suzuki,swift dzire lxi,295000,petrol,grey
hyundai,creta sx 1.6 crdi (o),969999,diesel,black
honda,city zx cvt petrol,1700000,petrol,white
hyundai,tucson gls 2wd at petrol,1789999,petrol,black
toyota,innova 2.7 vx 7 str [2016-2020],1964999,petrol,silver
audi,tt 2.0 tfsi quattro,4000000,petrol,white
tata,tiago revotron xta [2017-2019],484999,petrol,blue
maruti suzuki,swift vxi [2014-2017],580000,petrol,grey
honda,city e [2013-2016],450000,petrol,white
maruti suzuki,alto 800 vxi (airbag),355000,petrol,white
audi,q3 35 tdi premium + sunroof,2375000,diesel,blue
mercedes-benz,c-class cabriolet c 300,6500000,petrol,white
tata,nexon xz plus dark edition,1050000,petrol,black
ford,ecosport ambiente 1.5l tdci,445000,diesel,silver
honda,jazz sv petrol,495000,petrol,brown
hyundai,i10 sportz 1.2 kappa2,275000,petrol,grey
honda,amaze 1.2 vx at i-vtec,465000,petrol,silver
jeep,compass limited (o) 2.0 diesel [2017-2020],1050000,diesel,black
mercedes-benz,c-class c 200 progressive [2018-2020],4900000,petrol,white
hyundai,grand i10 nios sportz 1.2 kappa vtvt cng,695000,cng,green
toyota,fortuner 2.8 4x2 at [2016-2020],3210000,diesel,white
honda,city 1.5 s mt,269000,petrol,white
hyundai,xcent e plus crdi,445000,diesel,white
land rover,evoque se r-dynamic,5950000,diesel,beige
bmw,x3 xdrive 20d luxury line [2018-2020],3800000,diesel,blue
hyundai,creta 1.6 sx plus at petrol,1000000,petrol,white
mahindra,scorpio s11 4wd 7 str,1490000,diesel,white
mg,astor sharp ex 1.5 mt,1550000,petrol,orange
toyota,etios liva vd dual tone,484999,diesel,white
honda,city sv diesel,425000,diesel,white
mahindra,scorpio s10,1150000,diesel,silver
skoda,superb l&k tsi at,3195000,petrol,blue
hyundai,i20 active 1.4 sx,725000,diesel,white
mercedes-benz,m-class ml 350 cdi,2450000,diesel,white
maruti suzuki,ciaz zeta 1.4 at,741000,petrol,blue
mercedes-benz,e-class e 220d exclusive [2019-2019],7350000,diesel,grey
mahindra,thar ax 6-str soft top diesel mt,1550000,diesel,black
honda,city s diesel,645000,diesel,white
honda,city sv diesel,550000,diesel,silver
maruti suzuki,baleno alpha 1.2 at,595000,petrol,blue
volvo,v40 cross country d3,1595000,diesel,blue
maruti suzuki,celerio x zxi amt [2017-2019],500000,petrol,orange
maruti suzuki,wagon r lxi abs,345000,petrol,white
maruti suzuki,wagon r vxi+,299000,petrol,white
maruti suzuki,wagon r lxi minor,160000,petrol,silver
maruti suzuki,baleno delta 1.2 at,570000,petrol,white
renault,kiger rxt turbo cvt,800000,petrol,white
hyundai,eon 1.0 kappa magna + [2014-2016],315000,petrol,grey
mercedes-benz,s-class 350 l,1850000,petrol,black
maruti suzuki,s-presso vxi cng,610000,cng,white
toyota,innova 2.4 vx 8 str [2016-2020],1995000,diesel,white
kia,seltos gtx plus at 1.5 diesel [2019-2020],1875000,diesel,grey
hyundai,creta sx (o) 1.5 petrol cvt [2020-2022],1748999,petrol,white
skoda,rapid ambition 1.6 tdi cr mt,640000,diesel,grey
hyundai,elite i20 asta 1.2 (o) [2016],779000,petrol,blue
honda,city zx cvt petrol,1450000,petrol,brown
tata,nexon xza plus petrol,890000,petrol,orange
maruti suzuki,baleno zeta 1.2,625000,petrol,red
mercedes-benz,gls 350 d,8500000,diesel,white
audi,rs5 4.2 coupe,2900000,petrol,red
mercedes-benz,glc 220 d progressive,4550000,diesel,grey
skoda,superb l&k tdi at,2500000,diesel,brown
maruti suzuki,alto 800 lxi cng,249000,cng + cng,white
ford,figo duratec petrol titanium 1.2,270000,petrol,grey
maruti suzuki,dzire vxi amt,825000,petrol,blue
maruti suzuki,celerio zxi (o) amt [2019-2020],425000,petrol,white
hyundai,grand i10 sportz u2 1.2 crdi,459999,diesel,grey
mercedes-benz,e-class e250 elegance,980000,petrol,white
renault,duster rxl petrol,789000,petrol,red
bmw,3-series 330i m sport edition,5100000,petrol,white
mahindra,scorpio s10,775000,diesel,white
hyundai,creta 1.6 sx plus at petrol,1400000,petrol,white
maruti suzuki,ertiga vdi,770000,diesel,gold
hyundai,grand i10 magna 1.2 kappa vtvt [2017-2020],450000,petrol,maroon
honda,city sv,840000,petrol,white
mercedes-benz,s-class maybach s 560,18500000,petrol,black
land rover,evoque hse dynamic,4000000,diesel,white
mahindra,xuv500 w8 1.99 [2016-2017],690000,diesel,silver
mercedes-benz,cla 200 d urban sport,2800000,diesel,red
hyundai,xcent sx 1.1 crdi,525000,diesel,silver
mercedes-benz,e-class e 220d exclusive [2019-2019],7780000,diesel,black
tata,hexa xta 4x2 7 str,1200000,diesel,blue
ford,ecosport titanium 1.5l tdci,620000,diesel,brown
jaguar,f-pace prestige,5200000,diesel,black
mercedes-benz,cla 200 cdi sport,1998999,diesel,silver
toyota,innova 2.4 zx at 7 str,2725000,diesel,bronze
maruti suzuki,swift vxi [2014-2017],590000,petrol,blue
mini,countryman cooper d,1489000,diesel,purple
maruti suzuki,dzire zdi plus amt,685000,diesel,white
mahindra,scorpio s3 2wd 7 str,1121000,diesel,white
maruti suzuki,wagon r vxi,545000,petrol,white
audi,q3 2.0 tdi quattro premium,1350000,diesel,black
maruti suzuki,xl6 alpha mt petrol,1299000,petrol,white
ford,aspire titanium1.5 tdci,450000,diesel,silver
porsche,718 cayman [2017-2020],9000000,petrol,red
maruti suzuki,swift vxi [2014-2017],550000,petrol,grey
bmw,3-series 320d luxury line,4390000,diesel,white
maruti suzuki,wagon r lxi cng (o),445000,cng,white
hyundai,verna 1.6 vtvt s,495000,petrol,red
hyundai,eon 1.0 kappa magna airbag,360000,petrol,white
maruti suzuki,grand vitara 2015 2.0 at,345000,petrol,black
hyundai,grand i10 asta at 1.2 kappa vtvt [2013-2016],565000,petrol,silver
mercedes-benz,gle 300d 4matic lwb,9390000,diesel,white
mahindra,tuv300 t8 amt mhawk100,615000,diesel,black
honda,city v diesel,525000,diesel,grey
bmw,x1 sdrive20d xline,2650000,diesel,blue
bmw,x1 sdrive20d xline,3785000,diesel,blue
audi,a6 2.0 tdi premium,1175000,diesel,blue
mercedes-benz,glc 220d 4matic progressive,6400000,diesel,white
bmw,3-series 320d sport line,1450000,diesel,blue
honda,city vx cvt petrol,1390000,petrol,brown
ferrari,488 gtb,35000000,petrol,black
volkswagen,tiguan highline tdi,2990000,diesel,white
land rover,evoque pure sd4,2150000,diesel,white
mercedes-benz,gle 43 4matic [2017-2019],8500000,petrol,black
maruti suzuki,wagon r lxi cng,400000,cng,red
tata,nano base,49000,petrol,white
maruti suzuki,swift vdi,610000,diesel,silver
hyundai,creta sx 1.6 at petrol,1075000,petrol,white
mercedes-benz,e-class e 220 d avantgarde,7500000,diesel,white
toyota,corolla altis g at petrol,1321000,petrol,gold
maruti suzuki,s-cross zeta 1.3,950000,diesel,white
maruti suzuki,baleno zeta 1.2,825000,petrol,blue
mitsubishi,pajero 2.5 mt,1300000,diesel,blue
maruti suzuki,swift zxi,465000,petrol,red
maruti suzuki,swift dzire vdi,475000,diesel,grey
audi,q3 35 tdi premium,1775000,diesel,silver
volkswagen,vento highline plus 1.2 (p) at 16 alloy,825000,petrol,brown
ford,endeavour titanium 3.2 4x4 at,3450000,diesel,silver
tata,tiago revotron xt [2016-2019],379000,petrol,silver
datsun,go d,240000,petrol,white
kia,seltos htk plus 1.5 [2019-2020],1525000,petrol,black
bmw,3-series 320d sport line,1400000,diesel,brown
mercedes-benz,gla 200 d sport,2450000,diesel,gold
mercedes-benz,gla 200 cdi sport,1789999,diesel,white
mercedes-benz,c-class c 220d progressive [2018-2019],4275000,diesel,blue
hyundai,elite i20 sportz 1.2 mt,775000,petrol,white
maruti suzuki,estilo vxi bs-iv,229999,petrol,white
hyundai,eon era +,300000,petrol,white
maruti suzuki,alto vxi (o) [2014-2019],160000,petrol,silver
mercedes-benz,gle 300d 4matic lwb,8300000,diesel,white
audi,q3 35 tdi premium + sunroof,1685000,diesel,blue
hyundai,i10 sportz 1.2,270000,petrol,grey
maruti suzuki,alto 800 lxi,210000,petrol,red
hyundai,elite i20 asta 1.2,625000,petrol,silver
bmw,7-series 730ld m sport,6900000,diesel,black
kia,seltos gtx plus at 1.4 [2019-2020],1490000,petrol,white
mahindra,xuv500 w7 [2018-2020],1095000,diesel,black
ford,endeavour 3.0l 4x4 at,850000,diesel,black
hyundai,tucson 2wd at gls diesel,1600000,diesel,white
toyota,etios v,265000,petrol,black
volkswagen,vento comfortline petrol,360000,petrol,bronze
toyota,fortuner 3.0 4x2 mt,1485000,diesel,white
maruti suzuki,ciaz alpha 1.4 mt,800000,petrol,white
maruti suzuki,vitara brezza vdi,710000,diesel,white
maruti suzuki,s-cross alpha 1.6,710000,diesel,blue
volkswagen,polo highline1.0l (p),720000,petrol,grey
honda,amaze 1.2 s i-vtec,395000,petrol,brown
audi,a4 35 tdi technology,2799000,diesel,white
ford,ecosport trend 1.5 ti-vct,455000,petrol,white
honda,city vx (o) mt,690000,petrol,white
mercedes-benz,gls 400d 4matic,13000000,diesel,blue
tata,harrier xza plus dark edition,1995000,diesel,black
bmw,5-series 520d luxury line,1750000,diesel,white
bmw,x1 sdrive20d xline,2900000,diesel,white
bmw,x1 sdrive20d xline,4500000,diesel,white
honda,city 1.5 s mt,450000,petrol,maroon
bmw,5-series 520d luxury line [2017-2019],2149000,diesel,silver
mercedes-benz,gl-class 350 cdi,4200000,diesel,black
tata,nexon xt diesel [2017-2019],860000,diesel,grey
honda,city v,875000,petrol,silver
mahindra,scorpio vlx 4wd bs-iii,580000,diesel,white
mg,gloster savvy 6 str 2.0 twin turbo 4wd,3500000,diesel,black
maruti suzuki,swift dzire vxi,229999,petrol,silver
audi,q3 2.0 tdi quattro premium plus,1513000,diesel,blue
maruti suzuki,alto vxi,234000,petrol,white
datsun,redigo s 1.0 amt [2018-2019],320000,petrol,grey
bmw,x3 xdrive 20d luxury line [2018-2020],5975000,diesel,white
maruti suzuki,vitara brezza zdi plus,1025000,diesel,white
maruti suzuki,dzire vdi,630000,diesel,blue
hyundai,venue sx plus 1.0 turbo dct,1090000,petrol,white
maruti suzuki,swift lxi special edition,700000,petrol,silver
maruti suzuki,swift vxi,661000,petrol,others
mahindra,tuv300 t8,565000,diesel,red
toyota,innova 2.5 g 7 str bs-iv,750000,diesel,silver
audi,q3 35 tdi premium + sunroof,1850000,diesel,white
mahindra,xuv500 w6,850000,diesel,white
hyundai,elite i20 asta 1.4 crdi [2016-2017],535000,diesel,grey
maruti suzuki,dzire vdi amt,770000,diesel,silver
bmw,3-series 330i m sport edition,3650000,petrol,white
kia,sonet gtx plus 1.0 imt [2020-2021],1195000,petrol,red
mercedes-benz,s-class 500l,1650000,petrol,silver
skoda,superb l&k tsi at,3199000,petrol,brown
mercedes-benz,e-class e 200 exclusive [2019-2019],7100000,petrol,grey
volkswagen,polo gt tsi,625000,petrol,white
maruti suzuki,vitara brezza vdi,745000,diesel,white
hyundai,santro sportz,551000,petrol,white
mercedes-benz,e-class e 220 d avantgarde,5950000,diesel,white
land rover,range rover 3.0 v6 diesel vogue,22000000,diesel,blue
mini,cooper d 3 door,3300000,diesel,red
ford,endeavour titanium plus 3.2 4x4 at,3250000,diesel,white
renault,duster 110 ps rxz 4x2 amt diesel,690000,diesel,grey
maruti suzuki,vitara brezza vdi ags,894999,diesel,white
skoda,rapid ambition 1.6 tdi cr mt,550000,diesel,white
ford,ecosport trend 1.5 tdci,399000,diesel,orange
kia,seltos htx 1.5 [2020-2021],1275000,petrol,black
maruti suzuki,eeco 5 str with a/c+htr [2019-2020],535000,petrol,silver
maruti suzuki,vitara brezza vdi,825000,diesel,white
ford,ecosport ambiente 1.5l tdci,585000,diesel,silver
honda,jazz v at petrol,675000,petrol,brown
maruti suzuki,s-cross alpha 1.3,795000,diesel,brown
mercedes-benz,e-class e 200 exclusive [2019-2019],6500000,petrol,black
hyundai,elite i20 sportz 1.4 crdi,611000,diesel,white
maruti suzuki,wagon r vxi,390000,petrol,red
maruti suzuki,swift vxi [2014-2017],650000,petrol,white
renault,fluence 1.5 e4,390000,diesel,silver
audi,a4 35 tdi technology,2400000,diesel,silver
maruti suzuki,swift vxi,385000,petrol,silver
maruti suzuki,swift dzire vxi,450000,petrol,white
hyundai,grand i10 sports edition 1.2l kappa vtvt,649000,petrol,silver
audi,a3 35 tdi premium + sunroof,2900000,diesel,white
maruti suzuki,swift dzire vdi,400000,diesel,white
hyundai,grand i10 nios sportz amt 1.2 kappa vtvt,599000,petrol,silver
toyota,fortuner 2.8 4x2 mt [2016-2020],2980000,diesel,black
audi,a4 30 tfsi technology pack,3500000,petrol,white
honda,jazz v petrol,400000,petrol,red
mercedes-benz,glc 200 progressive,6975000,petrol,white
mercedes-benz,gle 250 d,5400000,diesel,white
mercedes-benz,gl-class 350 cdi,3700000,diesel,black
maruti suzuki,celerio zxi [2017-2019],445000,petrol,white
mahindra,thar lx 4-str hard top diesel mt,1475000,diesel,red
toyota,fortuner 2.8 4x2 at [2016-2020],2800000,diesel,white
maruti suzuki,swift vxi [2014-2017],600000,petrol,white
kia,seltos gtx plus at 1.5 diesel [2019-2020],1835000,diesel,white
maruti suzuki,wagon r lxi 1.0 cng [2019-2020],550000,cng,silver
maruti suzuki,vitara brezza zdi+ dual tone [2017-2018],715000,diesel,red
mahindra,xuv700 ax 7 diesel at 7 str,2540000,diesel,white
maruti suzuki,wagon r lxi (o) 1.0 cng [2019-2020],525000,cng,grey
hyundai,grand i10 sportz (o) 1.2 kappa vtvt [2017-2018],425000,petrol,silver
hyundai,elite i20 sportz 1.2 ivt,795000,petrol,white
honda,city 1.5 v mt,269000,petrol,silver
hyundai,verna fluidic 1.6 crdi,565000,diesel,white
bmw,5-series 520d luxury line,2550000,diesel,blue
hyundai,i20 active 1.2 s,529000,petrol,white
maruti suzuki,alto vxi (o),400000,petrol,white
maruti suzuki,xl6 zeta mt petrol,975000,petrol,blue
bmw,x1 sdrive20d expedition,2600000,diesel,blue
mercedes-benz,gl-class 350 cdi,2390000,diesel,white
kia,seltos gtx plus 1.4 [2020-2021],1550000,petrol,white
maruti suzuki,alto vxi amt,430000,petrol,white
maruti suzuki,baleno delta 1.2,600000,petrol,silver
toyota,corolla altis vl at petrol,1650000,petrol,brown
audi,q7 technology 55 tfsi,9400000,petrol,black
maruti suzuki,alto vxi,250000,petrol,white
mahindra,xuv500 w10 at,994999,diesel,grey
maruti suzuki,vitara brezza ldi (o) [2016-2018],675000,diesel,red
maruti suzuki,swift dzire vxi,455000,petrol,grey
maruti suzuki,wagon r vxi,345000,petrol,grey
bmw,x1 sdrive20i xline,4700000,petrol,white
hyundai,elantra 1.8 sx mt,700000,petrol,white
honda,city e diesel,499000,diesel,white
maruti suzuki,ciaz vxi,590000,petrol,white
nissan,micra xv cvt [2016-2017],490000,petrol,blue
maruti suzuki,dzire vdi amt,695000,diesel,grey
hyundai,venue sx 1.4 crdi,1025000,diesel,silver
volkswagen,tiguan allspace 2.0 tsi,3375000,petrol,silver
toyota,innova 2.4 vx 8 str [2016-2020],2250000,diesel,maroon
mercedes-benz,gla 200 d sport,2650000,diesel,grey
maruti suzuki,baleno delta 1.2,715000,petrol,grey
hyundai,creta sx 1.6 at crdi,1200000,diesel,grey
hyundai,eon 1.0 kappa magna + [2014-2016],275000,petrol,white
honda,city 1.5 v mt,445000,petrol,red
mercedes-benz,a-class a 200d,1850000,diesel,red
maruti suzuki,baleno alpha 1.3,665000,diesel,blue
hyundai,creta ex 1.4 crdi,1090000,diesel,blue
mercedes-benz,s-class s 350 cdi,5500000,diesel,white
audi,a6 35 tdi matrix,2400000,diesel,blue
hyundai,verna sx plus 1.6 crdi at,1085000,diesel,black
hyundai,alcazar signature (o) 6 str 2.0 petrol at,2140000,petrol,grey
honda,amaze 1.2 v cvt petrol [2018-2020],795000,petrol,grey
maruti suzuki,ertiga vxi cng,1080000,cng,white
honda,amaze 1.2 s mt petrol [2018-2020],628000,petrol,maroon
bmw,3-series 320d luxury line,1550000,diesel,red
mercedes-benz,e-class e 200,2400000,petrol,black
honda,city vx (o) mt,595000,petrol,brown
land rover,evoque se,3450000,diesel,blue
honda,wr-v vx mt petrol,819999,petrol,maroon
audi,q5 2.0 tdi quattro premium plus,1490000,diesel,black
mahindra,xuv300 1.5 w6 [2019-2020],950000,diesel,white
jaguar,xf prestige diesel cbu,3750000,diesel,silver
mercedes-benz,c-class c200 progressive,4950000,petrol,blue
jeep,compass model s (o) diesel 4x4 at,2950000,diesel,white
toyota,fortuner 3.0 4x4 mt,1290000,diesel,gold
toyota,etios liva gd,625000,diesel,white
mahindra,xuv500 w10,1490000,diesel,maroon
hyundai,i10 asta 1.2 at with sunroof,325000,petrol,silver
mahindra,xuv500 w10 at,1190000,diesel,black
mahindra,scorpio vlx 2wd airbag bs-iv,625000,diesel,white
land rover,range rover sport sdv6 hse,5375000,diesel,white
honda,city zx cvt petrol [2017-2019],1138000,petrol,silver
audi,a4 1.8 tfsi multitronic premium plus,4250000,petrol,white
honda,brio s mt,365000,petrol,white
chevrolet,cruze ltz at,475000,diesel,white
hyundai,creta sx 1.6 crdi,1225000,diesel,white
maruti suzuki,ertiga vdi shvs,725000,diesel,white
mercedes-benz,gla 200 cdi sport,2450000,diesel,white
hyundai,sonata 2.0 crdi,225000,diesel,silver
maruti suzuki,dzire vxi amt,695000,petrol,silver
toyota,innova 2.8 zx at 7 str [2016-2020],2200000,diesel,grey
honda,amaze 1.5 vx cvt diesel,950000,diesel,white
toyota,innova zx 2.7 at 7 str,2598000,petrol,black
honda,jazz vx petrol,585000,petrol,silver
ford,aspire titanium 1.2 ti-vct,434999,petrol,white
maruti suzuki,swift vdi,295000,diesel,grey
maruti suzuki,ciaz delta 1.5 diesel,910000,diesel,white
maruti suzuki,celerio vxi,565000,petrol,white
toyota,urban cruiser premium grade at,1050000,petrol,white
hyundai,creta e plus 1.4 crdi,990000,diesel,orange
audi,a3 35 tdi premium plus,2590000,diesel,blue
mahindra,xuv500 w8 awd [2015-2017],1000000,diesel,white
hyundai,i10 1.1l irde era special edition,254999,petrol,white
hyundai,verna fluidic 1.6 vtvt sx at,598000,petrol,silver
hyundai,elite i20 asta 1.4 (o) crdi,560000,diesel,white
audi,a4 2.0 tdi (177bhp) premium,975000,diesel,silver
audi,a3 35 tdi premium,2600000,diesel,blue
skoda,rapid ambition 1.6 tdi cr mt,745000,diesel,silver
hyundai,grand i10 asta 1.2 kappa vtvt,495000,petrol,silver
audi,a3 40 tfsi premium plus + sunroof,2450000,petrol,blue
mercedes-benz,c-class c 220 cdi avantgarde,2850000,diesel,white
mahindra,scorpio s10,925000,diesel,white
toyota,fortuner 3.0 4x2 at,1075000,diesel,white
mercedes-benz,e-class e 350 d exclusive [2017-2019],6225000,diesel,silver
audi,a6 2.0 tdi premium,1500000,diesel,blue
mitsubishi,pajero sfx 2.8,625000,diesel,white
toyota,etios g,325000,petrol,red
mahindra,marazzo m6 plus 8 str,1485000,diesel,white
audi,a6 3.0 tdi quattro premium,1650000,diesel,white
audi,a3 35 tdi premium,1800000,diesel,blue
toyota,innova 2.5 vx 7 str bs-iii,1290000,diesel,silver
nissan,terrano xl d plus,600000,diesel,white
hyundai,grand i10 asta at 1.2 kappa vtvt [2013-2016],436000,petrol,white
toyota,fortuner 2.8 4x4 at [2016-2020],4300000,diesel,white
datsun,go t (o),270000,petrol,silver
hyundai,creta sx 1.4 turbo 7 dct,1911000,petrol,black
bmw,x5 xdrive30d xline,8600000,diesel,blue
mercedes-benz,c-class c 220d progressive [2018-2019],3900000,diesel,beige
volvo,v40 d3 r-design,2000000,diesel,red
hyundai,santro sportz amt [2018-2020],465000,petrol,gold
honda,city v,875000,petrol,grey
mahindra,tuv300 t6 plus,850000,diesel,white
renault,kwid 1.0 rxt amt opt,426999,petrol,others
mercedes-benz,gle 300d 4matic lwb,9200000,diesel,blue
hyundai,creta 1.6 sx,1035000,diesel,grey
maruti suzuki,dzire zxi,695000,petrol,grey
bmw,x1 sdrive20d xline,3675000,diesel,white
mahindra,thar lx 4-str hard top diesel at,1700000,diesel,black
tata,tiago revotron xz,449000,petrol,orange
mercedes-benz,c-class 220 cdi at,5400000,diesel,white
mg,gloster sharp 6 str 2.0 twin turbo 4wd,3950000,diesel,silver
hyundai,elite i20 sportz 1.4,565000,diesel,white
bmw,x1 sdrive20d xline,3775000,diesel,black
mercedes-benz,e-class e220 cdi blue efficiency,1275000,diesel,brown
renault,kwid 1.0 rxt edition,375000,petrol,green
maruti suzuki,vitara brezza zdi,949000,diesel,blue
maruti suzuki,swift zdi plus,775000,diesel,white
audi,a6 2.0 tdi premium plus,1800000,diesel,white
honda,city vx cvt,825000,petrol,white
hyundai,santro magna [2018-2020],509999,petrol,silver
mahindra,scorpio s11 2wd 7 str,1350000,diesel,black
hyundai,grand i10 sportz 1.2 kappa vtvt [2016-2017],650000,petrol,grey
honda,city zx diesel,1490000,diesel,white
maruti suzuki,baleno sigma 1.2,545000,petrol,white
bmw,3-series 320d luxury line,2950000,diesel,white
mercedes-benz,e-class e350 cdi avantgarde,1150000,diesel,silver
audi,q3 2.0 tdi quattro premium,1850000,diesel,white
mercedes-benz,e-class e250 cdi avantgarde,1750000,diesel,brown
audi,q7 45 tdi premium plus,5500000,diesel,white
nissan,sunny xv diesel,360000,diesel,grey
ford,ecosport titanium 1.5l ti-vct,625000,petrol,blue
bmw,3-series 320d luxury line,4150000,diesel,blue
mahindra,thar lx 4-str hard top diesel mt,1698999,diesel,brown
maruti suzuki,baleno delta 1.2,484999,petrol,silver
audi,a4 30 tfsi premium plus,4250000,petrol,white
maruti suzuki,ertiga vxi cng,800000,cng,silver
hyundai,creta sx 1.6 (o) petrol,1275000,petrol,grey
porsche,718 boxster,9500000,petrol,yellow
bmw,3-series 320d luxury line,1375000,diesel,white
hyundai,creta sx 1.5 diesel [2020-2022],1700000,diesel,black
mahindra,xuv500 w6 2013,500000,diesel,black
mercedes-benz,glc 220d 4matic progressive [2019-2021],6800000,diesel,silver
maruti suzuki,dzire vxi amt,715000,petrol,brown
maruti suzuki,wagon r vxi+ amt,380000,petrol,grey
honda,brio e mt,375000,petrol,silver
land rover,range rover sport sdv6 se,7200000,diesel,white
mercedes-benz,gle 300d 4matic lwb,8190000,diesel,bronze
maruti suzuki,swift zxi amt [2018-2019],695000,petrol,blue
hyundai,creta 1.6 sx (o),875000,diesel,white
land rover,discovery sport hse luxury,3500000,diesel,red
hyundai,i20 active 1.2 sx,685000,petrol,brown
tata,safari xz plus,1875000,diesel,white
skoda,octavia 1.8 tsi ambition plus at,1685000,petrol,grey
audi,a6 35 tdi matrix,2550000,diesel,white
hyundai,creta sx 1.6 crdi,869999,diesel,white
mahindra,thar crde 4x4 ac,875000,diesel,white
audi,q3 2.0 tdi quattro premium,1390000,diesel,blue
maruti suzuki,vitara brezza vdi (o) [2016-2018],825000,diesel,silver
maruti suzuki,ciaz zeta 1.4 at,785000,petrol,blue
mercedes-benz,gla 200 cdi sport,2145000,diesel,white
maruti suzuki,eeco 5 str with htr cng [2018-2019],590000,cng,white
jaguar,xj 3.0 petrol,2550000,petrol,white
mercedes-benz,e-class e 220 d avantgarde,6500000,diesel,white
volkswagen,polo highline1.2l (p),490000,petrol,white
bmw,7-series 730ld dpe,5950000,diesel,white
renault,kwid 1.0 rxt [2016-2019],420000,petrol,grey
hyundai,tucson gl 2wd at diesel,2395000,diesel,white
hyundai,i20 sportz 1.4 crdi,360000,diesel,white
nissan,sunny xv diesel,325000,diesel,grey
land rover,evoque dynamic sd4,2300000,diesel,red
maruti suzuki,ertiga vxi cng,642000,cng,others
hyundai,eon era +,290000,petrol,white
hyundai,grand i10 asta 1.2 kappa vtvt [2013-2016],390000,petrol,grey
toyota,corolla altis 1.8 g at,890000,petrol,grey
maruti suzuki,swift lxi,440000,petrol,white
maruti suzuki,ciaz delta 1.4 mt,721000,petrol,white
skoda,octavia 1.8 tsi l&k,1515000,petrol,others
land rover,discovery sport se r-dynamic petrol,7000000,petrol,white
honda,city v,949000,petrol,grey
mercedes-benz,e-class e 220d exclusive [2019-2019],5500000,diesel,white
renault,kwid rxt [2015-2019],319000,petrol,others
maruti suzuki,ertiga vdi,459999,diesel,white
volvo,v40 d3 r-design,2100000,diesel,red
maruti suzuki,baleno delta 1.2,685000,petrol,red
toyota,etios gd,300000,diesel,silver
mercedes-benz,gle 250 d,5400000,diesel,white
mercedes-benz,a-class sedan 200d,4100000,diesel,white
mercedes-benz,gls 350 d,6875000,diesel,white
hyundai,creta sx 1.6 (o) petrol,1115000,petrol,black
honda,city v cvt petrol [2017-2019],761000,petrol,grey
maruti suzuki,baleno zeta 1.2,825000,petrol,yellow
hyundai,elite i20 magna 1.4 crdi [2016-2017],650000,diesel,white
honda,jazz v petrol,565000,petrol,grey
mercedes-benz,s-class 350,750000,petrol,silver
hyundai,grand i10 nios sportz amt 1.2 kappa vtvt,685000,petrol,blue
hyundai,elite i20 magna executive 1.2,609000,petrol,blue
mahindra,scorpio lx bs-iii,365000,diesel,green
audi,q7 45 tdi premium plus,5175000,diesel,blue
toyota,innova 2.8 zx at 7 str [2016-2020],2175000,diesel,bronze
ssangyong,rexton rx7,675000,diesel,white
bmw,x5 3.0d,1400000,diesel,green
honda,amaze 1.2 s i-vtec opt,480000,petrol,white
bmw,5-series 520d luxury line [2017-2019],5800000,diesel,black
audi,q7 45 tdi technology pack,6700000,diesel,blue
hyundai,elantra 1.6 sx at,625000,diesel,white
isuzu,mu-x 4x2,1791000,diesel,silver
maruti suzuki,eeco 5 str with a/c+htr [2019-2020],422000,petrol,white
audi,a4 premium plus 40 tfsi,4200000,petrol,black
toyota,corolla altis vl at petrol,1295000,petrol,beige
hyundai,grand i10 asta 1.2 kappa vtvt (o) [2013-2017],495000,petrol,orange
tata,tiago revotron xta [2017-2019],585000,petrol,silver
mercedes-benz,c-class c 220d progressive [2018-2019],3950000,diesel,white
mercedes-benz,e-class e 220d exclusive [2019-2019],7475000,diesel,black
skoda,rapid elegance 1.6 mpi at,425000,petrol,white
mercedes-benz,e-class e 220d expression [2019-2019],4150000,diesel,black
audi,q7 35 tdi premium plus + sunroof,2475000,diesel,black
bmw,5-series 520d sport line,2990000,diesel,white
renault,duster 85 ps rxl diesel,280000,diesel,white
mercedes-benz,s-class 350,1500000,petrol,red
bmw,6-series gt 630d luxury line [2018-2019],5100000,diesel,blue
toyota,fortuner 3.0 mt,825000,diesel,black
maruti suzuki,wagon r lxi cng (o),310000,cng,white
honda,jazz v at petrol,595000,petrol,grey
jeep,compass limited 2.0 diesel [2017-2020],1240000,diesel,white
maruti suzuki,eeco 5 str with a/c+htr [2019-2020],328000,petrol,black
hyundai,elite i20 sportz 1.2,625000,petrol,red
maruti suzuki,swift vdi,409999,diesel,white
maruti suzuki,swift dzire zxi,545000,petrol,silver
volkswagen,polo trendline 1.0l (p),699000,petrol,red
maruti suzuki,celerio lxi,390000,petrol,white
toyota,corolla altis gl,680000,diesel,white
maruti suzuki,ciaz zdi shvs,625000,diesel,white
maruti suzuki,wagon r lxi lpg,235000,lpg,green
mahindra,scorpio s2,951000,diesel,white
honda,city 1.5 v at,550000,petrol,black
jeep,compass limited 1.4 petrol at [2017-2020],1350000,petrol,blue
hyundai,i10 magna 1.2 kappa2,325000,petrol,red
audi,q7 35 tdi premium + sunroof,2600000,diesel,black
maruti suzuki,ciaz zxi+,640000,petrol,white
toyota,corolla altis 1.8 vl at,450000,petrol,white
bmw,5-series 520d sedan,750000,diesel,blue
audi,a6 technology 45 tfsi,5300000,petrol,grey
volvo,xc60 inscription [2017-2020],5800000,diesel,white
maruti suzuki,vitara brezza zdi,801000,diesel,silver
mahindra,scorpio s6 plus 1.99 [2016-2017],1090000,diesel,white
maruti suzuki,alto vxi,245000,petrol,maroon
honda,amaze 1.2 s i-vtec,475000,petrol,silver
toyota,fortuner 2.8 4x4 at [2016-2020],2800000,diesel,white
audi,a3 35 tdi premium,2950000,diesel,white
hyundai,grand i10 magna 1.2 kappa vtvt [2013-2016],545000,petrol,white
ford,endeavour titanium 2.0 4x2 at,3975000,diesel,black
mercedes-benz,glc 220 d progressive,4200000,diesel,white
hyundai,xcent sx crdi,434999,diesel,white
renault,kwid rxt [2015-2019],315000,petrol,bronze
ssangyong,rexton rx6,900000,diesel,black
honda,city vx,550000,petrol,grey
bmw,x3 xdrive-20d xline,4400000,diesel,white
toyota,fortuner 3.0 4x2 at,1600000,diesel,gold
datsun,redigo t(o) 1.0 [2017-2019],198000,petrol,red
hyundai,i10 magna 1.1 lpg,225000,lpg,red
renault,kwid rxt [2015-2019],315000,petrol,bronze
honda,city v,775000,petrol,maroon
maruti suzuki,dzire vxi amt,625000,petrol,silver
hyundai,creta sx plus 1.6 crdi dual tone,775000,diesel,red
toyota,innova 2.4 g 7 str [2016-2017],1549000,diesel,brown
bmw,3-series 320d prestige,1679000,diesel,blue
maruti suzuki,swift zxi amt [2018-2019],725000,petrol,white
hyundai,verna fluidic 1.6 crdi sx,540000,diesel,silver
volkswagen,polo highline1.2l (d),350000,diesel,blue
volvo,v40 d3 r-design,1689999,diesel,white
nissan,magnite xl,625000,petrol,white
maruti suzuki,celerio zxi [2019-2020],475000,petrol,grey
kia,seltos htk plus 1.5 diesel,1650000,diesel,white
hyundai,santro era,409999,petrol,silver
land rover,range rover sport sdv6 s,5900000,diesel,grey
toyota,innova 2.4 vx 7 str [2016-2020],2100000,diesel,bronze
bmw,5-series 520d luxury line [2017-2019],2750000,diesel,black
maruti suzuki,ignis zeta 1.2 amt,545000,petrol,blue
tata,safari 2.2 vx 4x2,740000,diesel,black
mercedes-benz,e-class e 200,2400000,petrol,black
bmw,5-series 520d luxury line [2017-2019],4500000,diesel,grey
maruti suzuki,swift vxi,465000,petrol,white
fiat,punto active 1.3,375000,diesel,maroon
audi,q3 30 tdi premium fwd,2900000,diesel,white
honda,wr-v vx mt petrol,795000,petrol,white
mercedes-benz,c-class c 300d amg line,5250000,diesel,blue
audi,a3 35 tdi premium,2900000,diesel,white
mercedes-benz,gla 200 sport,2250000,petrol,silver
honda,city vx cvt petrol [2017-2019],1050000,petrol,silver
hyundai,grand i10 asta 1.2 kappa vtvt [2013-2016],765000,petrol,silver
maruti suzuki,s-cross sigma 1.3,675000,diesel,brown
audi,a6 35 tdi matrix,2400000,diesel,blue
maruti suzuki,eeco 7 str [2019-2020],509999,petrol,silver
mahindra,xuv700 ax 7 diesel at awd luxury pack 7 str,2750000,diesel,black
audi,a7 sportback 3.0 tdi quattro,2600000,diesel,white
honda,city 1.5 v at,495000,petrol,red
audi,q7 35 tdi premium + sunroof,2400000,diesel,blue
hyundai,grand i10 magna 1.2 kappa vtvt [2013-2016],495000,petrol,white
land rover,discovery sport hse 7-seater,4200000,diesel,white
toyota,fortuner 2.8 4x2 at [2016-2020],2550000,diesel,black
maruti suzuki,swift dzire ldi,480000,diesel,white
hyundai,creta 1.6 sx (o),1750000,diesel,black
maruti suzuki,ertiga zdi + shvs,850000,diesel,silver
hyundai,santro sportz amt [2018-2020],434999,petrol,silver
hyundai,venue sx (o) 1.0 turbo imt,1070000,petrol,white
honda,city zx cvt petrol,1530000,petrol,grey
hyundai,creta sx 1.5 diesel [2020-2022],1598000,diesel,maroon
hyundai,verna 1.6 vtvt sx,645000,petrol,white
maruti suzuki,swift dzire zdi amt,650000,diesel,silver
volkswagen,vento highline diesel,545000,diesel,silver
honda,city v petrol,1095000,petrol,silver
toyota,innova 2.8 zx at 7 str [2016-2020],1975000,diesel,grey
rolls-royce,ghost 6.5,18000000,petrol,maroon
audi,q3 35 tdi technology with navigation,1839000,diesel,blue
skoda,superb l&k tsi at,1500000,petrol,white
audi,q3 35 tdi quattro premium plus,2100000,diesel,silver
volkswagen,polo comfortline 1.5l (d),345000,diesel,red
honda,city v,850000,petrol,silver
hyundai,creta sx 1.6 at crdi,1425000,diesel,white
hyundai,elite i20 asta 1.2,675000,petrol,white
mahindra,xuv300 1.5 w6 [2019-2020],925000,diesel,silver
hyundai,eon era +,210000,petrol,red
tata,nexon xm,760000,petrol,grey
hyundai,verna 1.6 crdi sx,640000,diesel,white
maruti suzuki,swift vxi,340000,petrol,white
land rover,discovery sport se r-dynamic,5995000,diesel,white
honda,city s petrol,695000,petrol,white
ford,figo trend 1.5l tdci [2015-2016],465000,diesel,orange
toyota,glanza v,735000,petrol,silver
mercedes-benz,e-class e 200 avantgarde,1300000,petrol,red
hyundai,alcazar prestige 7 str 1.5 diesel,1848999,diesel,white
honda,city v,685000,petrol,bronze
hyundai,santa fe 2wd at [2014-2017],875000,diesel,white
toyota,innova 2.8 zx at 7 str [2016-2020],2039999,diesel,bronze
toyota,glanza g,700000,petrol,red
maruti suzuki,wagon r vxi 1.2,550000,petrol,blue
hyundai,santa fe 2wd at [2014-2017],825000,diesel,silver
toyota,innova 2.4 zx 7 str [2016-2020],3100000,diesel,white
audi,a6 2.0 tdi premium,1400000,diesel,grey
maruti suzuki,swift vxi,425000,petrol,white
lexus,nx 300h luxury [2017-2020],4375000,petrol,black
toyota,innova zx 2.4 at 7 str,3000000,diesel,purple
mercedes-benz,glc 200 progressive,6600000,petrol,white
maruti suzuki,vitara brezza zdi+ dual tone [2017-2018],640000,diesel,blue
hyundai,santro gl (cng),275000,cng,white
hyundai,elite i20 sportz 1.2 [2016-2017],695000,petrol,blue
honda,city 1.5 v at,245000,petrol,grey
renault,duster 110 ps rxl,690000,diesel,grey
volkswagen,taigun highline 1.0 tsi at,1500000,petrol,silver
maruti suzuki,alto vxi,270000,petrol,white
hyundai,i20 active 1.4 s,545000,diesel,white
mg,hector plus sharp 1.5 dct petrol,1875000,petrol,red
renault,kwid rxt [2015-2019],254999,petrol,silver
land rover,discovery hse,2785000,diesel,blue
mahindra,thar lx 4-str hard top diesel mt,1800000,diesel,black
honda,city 1.5 v at,475000,petrol,red
hyundai,elite i20 sportz 1.2 (o),650000,petrol,white
toyota,fortuner 3.0 4x4 mt,1199000,diesel,grey
hyundai,santa fe 4 wd (at),650000,diesel,white
mahindra,scorpio s2,795000,diesel,white
mercedes-benz,c-class c 200 avantgarde,2385000,petrol,black
audi,q5 2.0 tdi quattro premium,1700000,diesel,brown
hyundai,verna fluidic 1.6 vtvt sx opt,380000,petrol,grey
renault,kwid 1.0 rxt [2016-2019],295000,petrol,red
tata,harrier xz,1750000,diesel,silver
mahindra,thar crde 4x4 non ac,525000,diesel,green
audi,a3 35 tfsi premium plus,2180000,petrol,blue
ford,mustang gt fastback 5.0l v8,8000000,petrol,black
jaguar,f-pace prestige,4325000,diesel,grey
maruti suzuki,alto lxi cng,155000,cng,gold
maruti suzuki,dzire zxi plus amt,735000,petrol,blue
skoda,rapid style 1.6 mpi at,900000,petrol,grey
skoda,superb elegance 1.8 tsi at,795000,petrol,white
mini,cooper d 3 door,3300000,diesel,green
toyota,fortuner 2.8 4x2 at [2016-2020],3775000,diesel,white
maruti suzuki,vitara brezza vdi,725000,diesel,white
volvo,s60 kinetic d4,994999,diesel,white
maruti suzuki,vitara brezza vdi (o) [2016-2018],785000,diesel,grey
porsche,macan s [2019-2020],7500000,petrol,blue
toyota,fortuner 2.8 4x2 at [2016-2020],2799000,diesel,white
maruti suzuki,wagon r vxi,390000,petrol,others
porsche,macan base [2019-2020],9000000,petrol,red
maruti suzuki,baleno zeta 1.2 at,675000,petrol,blue
maruti suzuki,eeco 5 str [2014-2019],320000,petrol,blue
maruti suzuki,baleno zeta 1.2 at,840000,petrol,maroon
maruti suzuki,wagon r vxi,310000,petrol,brown
maruti suzuki,ertiga lxi,795000,petrol,grey
maruti suzuki,wagon r lxi cng,310000,cng,white
toyota,glanza g,860000,petrol,blue
hyundai,i10 magna 1.2 kappa2,390000,petrol,white
maruti suzuki,swift dzire ldi,520000,diesel,white
maruti suzuki,vitara brezza vdi (o) [2016-2018],675000,diesel,white
maruti suzuki,s-presso vxi,475000,petrol,red
maruti suzuki,alto 800 lxi,265000,petrol,white
skoda,rapid ambition 1.6 tdi cr mt,950000,diesel,silver
toyota,fortuner 3.0 4x2 at,1750000,diesel,white
audi,a3 35 tdi premium plus + sunroof,2225000,diesel,white
jeep,compass sport 1.4 petrol,1748999,petrol,black
mercedes-benz,m-class ml 250 cdi,2250000,diesel,white
hyundai,elite i20 asta 1.2 (o) [2016],690000,petrol,red
maruti suzuki,baleno zeta 1.2,561000,petrol,brown
maruti suzuki,swift dzire vxi at,595000,petrol,silver
hyundai,i20 magna (o) 1.2,450000,petrol,brown
mercedes-benz,gle 250 d,4590000,diesel,black
audi,q3 35 tdi technology,2150000,diesel,black
kia,seltos gtx plus 1.4 dct,1850000,petrol,black
hyundai,elantra sx (o) 2.0 at,1175000,petrol,white
hyundai,accent executive,400000,petrol,white
hyundai,creta sx 1.6 crdi,1100000,diesel,red
hyundai,i10 sportz 1.2 kappa2,395000,petrol,maroon
maruti suzuki,s-presso vxi plus,425000,petrol,silver
toyota,innova 2.4 zx 7 str [2016-2020],2190000,diesel,maroon
lexus,es 300h exquisite [2020-2021],4800000,hybrid,blue
maruti suzuki,swift dzire lxi (o),421000,petrol,grey
hyundai,i20 active 1.2 sx,560000,petrol,red
audi,q3 35 tdi quattro technology,3250000,diesel,white
mahindra,scorpio s10,875000,diesel,red
maruti suzuki,ciaz alpha 1.4 mt,899000,petrol,grey
renault,duster 85 ps rxl,425000,diesel,black
maruti suzuki,s-presso vxi (o),425000,petrol,grey
mini,countryman cooper s jcw inspired,3875000,petrol,green
honda,city 1.5 s mt,500000,petrol,brown
toyota,fortuner 3.0 4x2 mt,1225000,diesel,white
toyota,innova 2.7 zx at 7 str,1789999,petrol,maroon
hyundai,eon 1.0 kappa magna + [2014-2016],240000,petrol,white
honda,amaze 1.5 vx i-dtec,935000,diesel,white
maruti suzuki,baleno alpha automatic,775000,petrol,red
mahindra,scorpio s4 1.99 [2016-2017],950000,diesel,white
hyundai,grand i10 magna at 1.2 kappa vtvt,549000,petrol,white
maruti suzuki,eeco 5 str with a/c+htr cng [2017-2019],645000,cng,grey
mercedes-benz,c-class c 220d progressive [2018-2019],3400000,diesel,white
hyundai,elite i20 sportz 1.2 [2016-2017],645000,petrol,grey
bmw,5-series 520d m sport,2600000,diesel,white
audi,a4 2.0 tdi (177bhp) premium,1375000,diesel,white
honda,city v cvt petrol [2017-2019],1340000,petrol,black
maruti suzuki,swift zxi plus [2018-2019],840000,petrol,white
maruti suzuki,swift dzire vxi,525000,petrol,grey
maruti suzuki,eeco 7 str std (o),625000,petrol,grey
hyundai,eon sportz,215000,petrol,grey
hyundai,grand i10 sportz (o) 1.2 kappa vtvt [2017-2018],595000,petrol,silver
audi,a4 premium plus 40 tfsi,4150000,petrol,white
maruti suzuki,swift vdi,750000,diesel,blue
ford,ecosport titanium 1.5 ti-vct,550000,petrol,black
renault,duster 110 ps rxz 4x2 mt diesel,450000,diesel,white
jaguar,xe prestige diesel,2700000,diesel,red
mercedes-benz,gle 350 d,6150000,diesel,black
volkswagen,polo comfortline 1.2l (p),565000,petrol,grey
maruti suzuki,alto vxi [2014-2019],369000,petrol,grey
toyota,yaris v cvt,1090000,petrol,red
honda,wr-v vx mt petrol,580000,petrol,white
bmw,x1 sdrive20d xline,2199000,diesel,black
mahindra,scorpio s11 2wd 7 str,1251000,diesel,black
honda,amaze 1.2 sx i-vtec,540000,petrol,maroon
maruti suzuki,xl6 zeta mt petrol,1245000,petrol,white
bmw,3-series 330i m sport edition,4749000,petrol,white
hyundai,grand i10 sports edition 1.2l kappa vtvt,365000,petrol,white
bmw,2 series gran coupe 220d m sport [2020-2021],4300000,diesel,blue
maruti suzuki,vitara brezza vdi,825000,diesel,white
volkswagen,polo gt tdi,325000,diesel,white
tata,tiago revotron xm (o) [2016-2019],400000,petrol,black
land rover,evoque hse dynamic,3600000,diesel,blue
mahindra,scorpio lx bs-iv,671000,diesel,white
mercedes-benz,glc 220 d progressive,3400000,diesel,blue
volkswagen,vento highline plus 1.2 (p) at 16 alloy,775000,petrol,white
mercedes-benz,m-class 350 cdi,2150000,diesel,grey
mini,cooper d 5 door,3590000,diesel,blue
toyota,corolla altis 1.8 g,375000,petrol,silver
hyundai,verna fluidic 1.6 vtvt sx at,645000,petrol,silver
toyota,vellfire hybrid,11500000,hybrid,black
maruti suzuki,celerio zxi,509999,petrol,white
hyundai,elantra 1.8 sx at,545000,petrol,silver
honda,city v,835000,petrol,brown
renault,duster 85 ps rxs 4x2 mt diesel,960000,diesel,brown
maruti suzuki,celerio vxi [2019-2020],540000,petrol,white
kia,seltos htk plus 1.5 imt,1475000,petrol,white
jaguar,xj 3.0 v6 portfolio,3600000,diesel,brown
hyundai,verna 1.6 crdi sx (o),1175000,diesel,white
hyundai,verna fluidic 1.6 vtvt sx opt at,475000,petrol,blue
audi,q8 celebration,9900000,petrol,silver
maruti suzuki,swift lxi,650000,petrol,white
bmw,x4 xdrive30d m sport x [2019-2020],6100000,diesel,red
hyundai,i10 sportz 1.2 at kappa2,370000,petrol,white
honda,city vx (o) mt bl,875000,petrol,silver
maruti suzuki,dzire vdi amt,695000,diesel,red
tata,harrier xza plus,2275000,diesel,black
jeep,compass model s (o) 1.4 petrol dct,2700000,petrol,blue
hyundai,verna fluidic 1.6 crdi sx,545000,diesel,grey
skoda,rapid style 1.6 mpi at,1099000,petrol,red
hyundai,verna 1.6 crdi sx,1125000,diesel,white
hyundai,creta 1.6 sx plus at petrol,1299000,petrol,white
bmw,x6 xdrive40i m sport,10800000,petrol,red
maruti suzuki,xl6 alpha at petrol,1190000,petrol,blue
tata,tigor xza plus,795000,petrol,brown
hyundai,verna fluidic 1.6 crdi sx,459999,diesel,white
audi,a6 35 tdi matrix,3400000,diesel,red
hyundai,creta e plus 1.6 petrol,1050000,petrol,white
hyundai,i20 magna 1.2,385000,petrol,maroon
honda,city s diesel,585000,diesel,grey
audi,a3 35 tdi premium + sunroof,1650000,diesel,white
maruti suzuki,swift vxi [2014-2017],625000,petrol,blue
maruti suzuki,ciaz alpha hybrid 1.5 [2018-2020],910000,petrol,blue
mahindra,xuv500 w11,1275000,diesel,white
hyundai,elite i20 magna 1.2 [2016-2017],585000,petrol,grey
mahindra,thar crde 4x4 non ac,1035000,diesel,green
hyundai,elite i20 asta 1.2 ivt,1075000,petrol,white
hyundai,creta sx 1.5 diesel [2020-2022],1650000,diesel,white
audi,a4 2.0 tdi (143bhp),1575000,diesel,red
bmw,x3 xdrive20d,1950000,diesel,white
bmw,5-series 520d luxury line [2017-2019],6390000,diesel,grey
hyundai,creta 1.4 s plus,1080000,diesel,white
audi,q7 45 tdi premium plus,5500000,diesel,white
hyundai,venue sx (o) 1.5 crdi,1080000,diesel,blue
mahindra,xuv500 w6,800000,diesel,grey
datsun,go plus t,335000,petrol,brown
hyundai,venue sx 1.0 turbo imt,1185000,petrol,white
hyundai,elite i20 sportz 1.2 ivt,894999,petrol,white
honda,amaze 1.2 s cvt petrol [2018-2020],650000,petrol,white
maruti suzuki,baleno delta 1.3,550000,diesel,blue
audi,q3 35 tdi premium + sunroof,1650000,diesel,white
skoda,kushaq style 1.0l tsi mt,1600000,petrol,red
hyundai,verna 1.6 vtvt sx (o),1175000,petrol,black
mitsubishi,pajero select plus at,1995000,diesel,silver
hyundai,elite i20 sportz 1.4 crdi [2016-2017],575000,diesel,silver
mg,hector sharp 2.0 diesel turbo mt,1975000,diesel,red
hyundai,creta sx (o) 1.5 diesel [2020-2022],1625000,diesel,white
maruti suzuki,swift vxi [2014-2017],695000,petrol,blue
toyota,yaris j cvt [2018-2020],875000,petrol,red
skoda,octavia 1.8 tsi style plus at [2017],1495000,petrol,grey
maruti suzuki,swift zxi amt [2018-2019],725000,petrol,white
hyundai,creta e plus 1.6 petrol,875000,petrol,silver
ford,endeavour trend 2.2 4x2 at,2350000,diesel,white
bmw,3-series 320d prestige,2690000,diesel,blue
maruti suzuki,ciaz vdi+ shvs,695000,diesel,grey
honda,city v,600000,petrol,others
maruti suzuki,wagon r lxi cng,375000,cng,silver
hyundai,i10 sportz 1.2 kappa2,315000,petrol,white
ford,ecosport trend 1.5 ti-vct,775000,petrol,white
audi,a6 35 tdi matrix,3075000,diesel,white
renault,duster 110 ps rxz diesel,415000,diesel,white
maruti suzuki,ertiga zdi + shvs,765000,diesel,grey
maruti suzuki,swift vxi [2014-2017],520000,petrol,grey
jaguar,xj 3.0 v6 portfolio,3900000,diesel,black
hyundai,creta 1.6 sx,850000,diesel,red
maruti suzuki,ertiga vdi shvs,969999,diesel,blue
maruti suzuki,baleno delta 1.3,575000,diesel,blue
ford,endeavour sport 2.0 4x4 at,3900000,diesel,white
bmw,3-series 320d luxury line,1395000,diesel,black
skoda,kushaq style 1.0l tsi at,1625000,petrol,silver
kia,sonet gtx plus 1.5 at [2020-2021],1499000,diesel,red
volkswagen,tiguan highline tdi,2050000,diesel,white
skoda,octavia 1.8 tsi style plus at [2017],1300000,petrol,grey
skoda,superb l&k tdi at,3199000,diesel,grey
maruti suzuki,swift lxi,450000,petrol,grey
honda,mobilio rs diesel,675000,diesel,white
maruti suzuki,alto 800 lxi,280000,petrol,silver
maruti suzuki,wagon r lxi abs,425000,petrol,grey
rolls-royce,ghost extended wheelbase,20000000,petrol,blue
mercedes-benz,c-class 220 blueefficiency,1250000,diesel,white
hyundai,santa fe 2wd at [2014-2017],1175000,diesel,white
hyundai,santro sportz cng [2018-2020],545000,cng,silver
mercedes-benz,c-class 220 cdi elegance at,495000,diesel,grey
maruti suzuki,swift dzire vxi,500000,petrol,white
maruti suzuki,celerio vxi amt,390000,petrol,white
maruti suzuki,wagon r lxi 1.0 cng [2019-2020],575000,cng,grey
hyundai,i10 magna 1.2 kappa2,250000,petrol,white
maruti suzuki,dzire vxi,685000,petrol,blue
renault,kwid rxt [2015-2019],320000,petrol,silver
maruti suzuki,s-cross delta 1.6,620000,diesel,white
maruti suzuki,swift vxi [2014-2017],600000,petrol,white
jeep,compass longitude (o) 1.4 petrol at [2019-2020],1750000,petrol,silver
land rover,discovery sport se,4950000,diesel,white
hyundai,creta 1.6 sx plus at,1015000,diesel,white
toyota,corolla altis 1.8 g,390000,petrol,white
maruti suzuki,ciaz delta 1.4 mt,755000,petrol,white
hyundai,creta sx (o) 1.4 turbo 7 dct dual tone [2022-2022],1825000,petrol,white
maruti suzuki,celerio vxi amt,416000,petrol,grey
maruti suzuki,swift dzire zdi bs-iv,325000,diesel,white
maruti suzuki,wagon r lxi minor,218000,petrol,gold
maruti suzuki,ciaz vdi (o) shvs,650000,diesel,white
honda,wr-v s mt diesel,790000,diesel,silver
honda,city sv diesel,540000,diesel,red
maruti suzuki,swift vdi,375000,diesel,silver
bmw,x1 sdrive20i xline,3990000,petrol,white
porsche,718 boxster,10900000,petrol,grey
maruti suzuki,swift dzire vxi,245000,petrol,gold
maruti suzuki,celerio lxi,260000,petrol,blue
ford,figo duratorq diesel titanium 1.4,240000,diesel,white
hyundai,creta 1.6 sx plus special edition,800000,diesel,silver
honda,city v,745000,petrol,silver
mercedes-benz,e-class e 220d exclusive [2019-2019],7390000,diesel,grey
honda,amaze 1.2 s mt petrol [2018-2020],675000,petrol,white
bmw,x1 sdrive20d xline,2650000,diesel,blue
maruti suzuki,alto 800 lxi,340000,petrol,grey
maruti suzuki,baleno alpha 1.2,620000,petrol,red
maruti suzuki,sx4 zdi,297000,diesel,white
toyota,etios liva gd,500000,diesel,grey
hyundai,verna sx plus 1.6 vtvt at,1149000,petrol,black
mercedes-benz,c-class c 220 cdi avantgarde,2650000,diesel,brown
toyota,fortuner 3.0 4x2 mt,1375000,diesel,white
hyundai,i10 magna,235000,petrol,grey
toyota,fortuner 2.8 4x2 at [2016-2020],3090000,diesel,white
lexus,es 300h,4375000,petrol,brown
maruti suzuki,s-cross alpha 1.6,749000,diesel,grey
mahindra,tuv300 t10,785000,diesel,white
hyundai,i20 active 1.4 s,750000,diesel,maroon
mercedes-benz,c-class c 220d progressive [2018-2019],4150000,diesel,blue
maruti suzuki,alto vxi,320000,petrol,white
mercedes-benz,gla 200 cdi style,1750000,diesel,white
mahindra,tuv300 t10,944999,diesel,white
land rover,range rover 3.0 v6 diesel vogue lwb,27500000,diesel,white
ford,endeavour sport 2.0 4x4 at,4100000,diesel,white
mg,hector sharp 1.5 dct petrol dual tone,1750000,petrol,black
maruti suzuki,ertiga vdi 1.3 diesel,811000,diesel,white
land rover,discovery sport hse luxury 7-seater,6900000,diesel,white
hyundai,verna 1.6 crdi sx,725000,diesel,white
jaguar,xf portfolio diesel,4600000,diesel,blue
land rover,range rover 3.0 v6 diesel vogue,19300000,diesel,black
hyundai,grand i10 asta at 1.2 kappa vtvt (o) [2016-2017],650000,petrol,silver
mg,hector plus smart 1.5 dct petrol,1925000,petrol,silver
honda,city sv cvt,590000,petrol,white
hyundai,santro sportz cng [2018-2020],495000,cng,silver
maruti suzuki,baleno zeta 1.3,695000,diesel,red
hyundai,verna 1.6 crdi sx,799000,diesel,grey
volkswagen,polo highline1.2l (p),325000,petrol,red
mahindra,scorpio s5 2wd 7 str,1190000,diesel,white
jaguar,xj 3.0 portfolio,5800000,diesel,white
maruti suzuki,baleno zeta 1.2,750000,petrol,white
mercedes-benz,m-class ml 350 cdi,2600000,diesel,white
maruti suzuki,alto 800 lx cng,299000,cng,silver
toyota,fortuner 2.8 4x4 at [2016-2020],3470000,diesel,silver
hyundai,venue sx plus 1.0 turbo dct,1075000,petrol,blue
hyundai,grand i10 magna at 1.2 kappa vtvt,650000,petrol,silver
honda,amaze 1.2 s i-vtec,425000,petrol,white
nissan,terrano xl d plus,445000,diesel,white
maruti suzuki,xl6 zeta mt petrol,1225000,petrol,grey
audi,a3 35 tdi premium + sunroof,1350000,diesel,black
mercedes-benz,c-class 220 blueefficiency,1450000,diesel,white
toyota,fortuner 2.8 4x4 at [2016-2020],2749000,diesel,white
hyundai,santro gls,141000,petrol,silver
hyundai,creta 1.6 s plus at,1375000,diesel,white
toyota,innova 2.4 g 7 str [2016-2017],1825000,diesel,white
audi,a8 3.0 tdi quattro,4900000,diesel,blue
honda,jazz v diesel,525000,diesel,silver
audi,q7 3.0 tdi quattro premium,3300000,diesel,brown
hyundai,eon magna +,405000,petrol,red
audi,q3 35 tdi quattro premium plus,2550000,diesel,blue
honda,city sv,875000,petrol,bronze
maruti suzuki,swift vxi,355000,petrol,white
ford,ecosport titanium 1.5l tdci,925000,diesel,white
land rover,evoque se dynamic,6500000,diesel,white
hyundai,elite i20 magna 1.2 [2016-2017],625000,petrol,white
datsun,redigo t(o) 1.0,425000,petrol,red
hyundai,grand i10 magna 1.2 kappa vtvt [2016-2017],550000,petrol,silver
volkswagen,vento comfortline diesel,434999,diesel,grey
mercedes-benz,gle 350 d,5900000,diesel,white
mercedes-benz,glc 220 d progressive,3500000,diesel,white
hyundai,creta sx (o) 1.4 turbo 7 dct dual tone [2022-2022],1750000,petrol,white
hyundai,xcent s 1.2 (o),425000,petrol,black
ford,ecosport titanium + 1.5l tdci,675000,diesel,silver
maruti suzuki,vitara brezza ldi (o) [2016-2018],675000,diesel,grey
toyota,innova 2.4 zx 7 str [2016-2020],1725000,diesel,white
audi,a3 40 tfsi premium,1760000,petrol,white
maruti suzuki,vitara brezza zdi+ dual tone [2017-2018],730000,diesel,yellow
maruti suzuki,swift lxi,301000,petrol,others
maruti suzuki,wagon r lxi lpg,275000,lpg,white
ford,figo duratorq diesel zxi 1.4,225000,diesel,grey
maruti suzuki,alto 800 lxi,285000,petrol,white
volkswagen,vento highline diesel,350000,diesel,white
rolls-royce,ghost extended wheelbase,20000000,petrol,white
mercedes-benz,gls 400d 4matic,12900000,diesel,white
skoda,superb style tsi at,1650000,petrol,black
maruti suzuki,alto 800 lxi cng,265000,cng,white
tata,tiago revotron xe [2016-2019],395000,petrol,white
honda,jazz v petrol,500000,petrol,silver
mahindra,alturas g4 4wd at [2018-2020],2770000,diesel,black
mercedes-benz,m-class ml 250 cdi,2450000,diesel,white
audi,a4 1.8 tfsi multitronic premium plus,3125000,petrol,white
kia,carnival limousine plus 7 str,2950000,diesel,white
maruti suzuki,ertiga vdi shvs,620000,diesel,grey
mercedes-benz,gla 220 d activity edition,2250000,diesel,red
maruti suzuki,ciaz delta 1.4 mt,565000,petrol,brown
hyundai,grand i10 asta 1.2 kappa vtvt [2013-2016],550000,petrol,grey
mahindra,scorpio s5,1550000,diesel,white
maruti suzuki,vitara brezza ldi (o) [2016-2018],711000,diesel,red
tata,tigor revotron xm,375000,petrol,grey
bmw,x1 sdrive20d xline,4475000,diesel,orange
porsche,macan base [2019-2020],9100000,petrol,blue
maruti suzuki,alto vxi [2014-2019],245000,petrol,silver
honda,city v diesel,690000,diesel,brown
toyota,innova 2.5 g bs iv 8 str,944999,diesel,white
mercedes-benz,a-class a 180 sport petrol,1350000,petrol,white
maruti suzuki,vitara brezza zdi,850000,diesel,red
volkswagen,vento highline 1.0l tsi,1200000,petrol,grey
maruti suzuki,celerio vxi amt,329000,petrol,red
honda,civic 1.8v mt,300000,petrol,white
bmw,5-series 530d m sport [2013-2017],4900000,diesel,blue
hyundai,santro sportz cng [2018-2020],465000,cng,white
skoda,superb l&k tsi at,2350000,petrol,brown
hyundai,eon d-lite +,250000,petrol,white
mg,hector plus sharp 1.5 dct petrol,1950000,petrol,black
land rover,evoque hse,3800000,diesel,white
maruti suzuki,alto lxi cng [2014-2018],330000,cng,grey
hyundai,grand i10 asta 1.2 kappa vtvt [2013-2016],409999,petrol,silver
ford,figo titanium1.5 tdci,575000,diesel,white
hyundai,i10 magna 1.2 kappa2,270000,petrol,silver
mahindra,scorpio sle bs-iv,434999,diesel,white
maruti suzuki,swift dzire vxi,465000,petrol,white
bmw,x3 xdrive 20d luxury line [2018-2020],6800000,diesel,white
hyundai,i10 magna 1.2 kappa2,350000,petrol,red
hyundai,venue sx 1.0 turbo imt,900000,petrol,brown
maruti suzuki,swift lxi,595000,petrol,grey
hyundai,creta 1.6 sx plus at petrol,1260000,petrol,white
tata,zest xe 75 ps diesel,530000,diesel,white
maruti suzuki,ertiga vdi,599000,diesel,silver
mahindra,xuv500 w11 at,1595000,diesel,red
volvo,v40 d3 r-design,1798999,diesel,blue
maruti suzuki,baleno delta 1.2,636000,petrol,white
hyundai,creta e plus 1.4 crdi,950000,diesel,white
maruti suzuki,s-cross zeta 1.6,800000,diesel,blue
maruti suzuki,celerio x vxi amt [2017-2019],434000,petrol,white
hyundai,elite i20 sportz 1.4 crdi [2016-2017],625000,diesel,white
maruti suzuki,alto 800 lxi cng,245000,cng,silver
mercedes-benz,gla 200 sport,3100000,petrol,red
audi,a6 2.0 tdi premium,1490000,diesel,brown
bmw,5-series 530d m sport [2013-2017],6000000,diesel,blue
maruti suzuki,alto vxi [2014-2019],295000,petrol,white
maruti suzuki,eeco 7 str [2019-2020],450000,petrol,white
toyota,innova 2.4 vx 7 str [2016-2020],1989999,diesel,gold
lexus,es 300h,3900000,petrol,bronze
honda,city v diesel,635000,diesel,brown
tata,safari 2.2 ex 4x2,575000,diesel,white
maruti suzuki,s-cross alpha 1.6,590000,diesel,silver
honda,city vx,1199000,petrol,white
hyundai,i10 asta 1.2 at kappa2 with sunroof,380000,petrol,white
maruti suzuki,alto vxi amt [2014-2018],365000,petrol,red
audi,a4 1.8 tfsi multitronic premium plus,1000000,petrol,silver
mahindra,thar lx 4-str hard top diesel mt,1800000,diesel,grey
kia,seltos htk plus at 1.5 diesel [2020-2021],1275000,diesel,white
mercedes-benz,c-coupe 43 amg 4matic,7000000,petrol,white
mahindra,xuv500 w10 at 1.99,955000,diesel,black
mahindra,tuv300 t6 plus,630000,diesel,white
audi,q5 40 tdi premium plus,4475000,diesel,white
mahindra,thar lx 4-str hard top diesel at,1950000,diesel,black
hyundai,creta e plus 1.6 petrol,890000,petrol,grey
mercedes-benz,glc 220d 4matic progressive,6750000,diesel,blue
bmw,3-series 320d sport line,2275000,diesel,red
mahindra,thar lx 4-str convertible diesel at,1864999,diesel,blue
hyundai,i20 active 1.4 sx,540000,diesel,silver
bmw,x1 sdrive20d xline,3125000,diesel,blue
mercedes-benz,m-class ml 350 cdi,3200000,diesel,silver
mercedes-benz,gla 200 d sport,2750000,diesel,white
hyundai,verna fluidic 1.6 crdi sx,400000,diesel,grey
audi,q7 45 tdi technology pack,3750000,diesel,white
hyundai,creta 1.4 s,800000,diesel,grey
maruti suzuki,vitara brezza zdi,780000,diesel,others
maruti suzuki,estilo lxi bs-iv,220000,petrol,brown
bmw,x1 sdrive20d expedition,2385000,diesel,white
bmw,x1 sdrive20d xline,3400000,diesel,black
audi,a6 35 tfsi matrix,2850000,petrol,black
maruti suzuki,vitara brezza zdi,990000,diesel,white
honda,city 1.5 v at,325000,petrol,gold
honda,city 1.5 v at,325000,petrol,silver
skoda,rapid 1.5 tdi cr ambition plus at,549000,diesel,bronze
renault,pulse rxl abs diesel [2015-2017],340000,diesel,maroon
honda,amaze 1.5 e i-dtec,425000,diesel,silver
bmw,3-series 320d luxury line,1689999,diesel,white
toyota,innova 2.4 vx 8 str [2016-2020],2750000,diesel,white
maruti suzuki,swift vdi,515000,diesel,white
maruti suzuki,swift vxi [2014-2017],550000,petrol,white
nissan,terrano xl d thp 110 ps,550000,diesel,brown
tata,tiago revotron xza,555000,petrol,red
maruti suzuki,celerio zxi [2017-2019],391000,petrol,silver
maruti suzuki,ignis delta 1.2 amt,560000,petrol,silver
audi,q3 2.0 tdi quattro premium plus,1420000,diesel,black
volkswagen,polo highline plus 1.0l tsi,950000,petrol,white
maruti suzuki,baleno sigma 1.2,490000,petrol,white
hyundai,creta 1.6 sx,1044999,diesel,black
audi,q7 45 tdi technology pack,5200000,diesel,grey
hyundai,verna fluidic 1.6 vtvt sx opt at,1125000,petrol,white
mini,cooper d 5 door,1950000,diesel,red
maruti suzuki,swift dzire vxi,260000,petrol,beige
hyundai,i10 magna 1.2,165000,petrol,white
hyundai,xcent s 1.2,490000,petrol,white
maruti suzuki,alto vxi,185000,petrol,red
honda,city 1.5 v mt,375000,petrol,silver
mercedes-benz,c-class 220 blueefficiency,975000,diesel,white
maruti suzuki,swift vxi [2014-2017],450000,petrol,silver
maruti suzuki,swift dzire vdi,459999,diesel,silver
lexus,es 300h exquisite [2020-2021],5200000,hybrid,blue
hyundai,elite i20 sportz 1.2 mt,700000,petrol,white
volkswagen,polo highline plus 1.0l tsi,1025000,petrol,red
hyundai,grand i10 asta 1.2 kappa vtvt [2013-2016],380000,petrol,grey
skoda,octavia style 1.8 tsi at,819999,petrol,black
mercedes-benz,gla 200 sport,1691000,petrol,white
mercedes-benz,glc 220d 4matic progressive [2019-2021],5200000,diesel,blue
maruti suzuki,ciaz vdi shvs,725000,diesel,white
hyundai,grand i10 nios sportz 1.2 kappa vtvt cng,725000,cng,grey
maruti suzuki,alto lxi cng,155000,cng,white
honda,amaze 1.2 vx mt petrol [2018-2020],700000,petrol,white
hyundai,verna fluidic 1.6 crdi sx,235000,diesel,white
toyota,fortuner 3.0 4x4 mt,1975000,diesel,white
mahindra,xuv500 w8 awd,810000,diesel,white
kia,seltos htx plus 1.5 diesel [2020-2021],1350000,diesel,grey
mahindra,scorpio vlx 2wd airbag bs-iv,450000,diesel,white
hyundai,i10 magna 1.2 kappa2,250000,petrol,white
hyundai,elite i20 asta 1.4 crdi [2016-2017],819999,diesel,white
toyota,fortuner 2.8 4x4 at [2016-2020],2690000,diesel,grey
hyundai,creta sx 1.6 at crdi,1240000,diesel,grey
honda,city vx,790000,petrol,white
hyundai,i10 magna (o),150000,petrol,red
bmw,x5 xdrive30d xline,8300000,diesel,blue
volvo,s90 d4 inscription,6000000,diesel,blue
hyundai,xcent s 1.1 crdi (o),390000,diesel,white
hyundai,verna fluidic 1.6 vtvt sx,385000,petrol,grey
ford,endeavour titanium 3.2 4x4 at,3650000,diesel,black
hyundai,verna fluidic 1.6 vtvt sx,547000,petrol,silver
hyundai,creta sx 1.6 at petrol,1295000,petrol,black
hyundai,i10 sportz 1.2 kappa2,250000,petrol,grey
toyota,corolla altis vl at petrol,1670000,petrol,brown
maruti suzuki,vitara brezza zdi,890000,diesel,maroon
audi,a3 35 tdi premium plus + sunroof,2380000,diesel,white
maruti suzuki,baleno alpha automatic,775000,petrol,red
volkswagen,polo 1.5 tdi,500000,diesel,brown
mercedes-benz,c-class 250 cdi avantgarde,675000,diesel,black
volkswagen,polo highline1.2l (p),525000,petrol,orange
ford,ecosport titanium + 1.5l tdci [2019-2020],850000,diesel,white
renault,kwid 1.0 rxl [2017-2019],390000,petrol,red
hyundai,verna 1.6 crdi sx (o),965000,diesel,white
ssangyong,rexton rx7,975000,diesel,silver
bmw,x1 sdrive20d xline,3025000,diesel,blue
audi,a3 35 tdi premium plus,1390000,diesel,brown
maruti suzuki,dzire zxi ags,950000,petrol,bronze
audi,q7 45 tdi technology pack,5900000,diesel,blue
maruti suzuki,swift vxi,409999,petrol,grey
volkswagen,ameo trendline 1.5l (d),575000,diesel,white
honda,city zx diesel,1450000,diesel,white
mercedes-benz,e-class e200 cgi blue efficiency,1650000,petrol,silver
maruti suzuki,ciaz alpha hybrid 1.5 at [2018-2020],823000,petrol,green
tata,harrier xz,2095000,diesel,red
hyundai,grand i10 magna u2 1.2 crdi,335000,diesel,white
hyundai,grand i10 sports edition 1.2l kappa vtvt,649000,petrol,silver
honda,city 1.5 v mt,400000,petrol,white
bmw,3-series 330i m sport edition,5500000,petrol,black
toyota,fortuner 3.0 4x2 mt,1375000,diesel,white
hyundai,creta sx plus 1.6 at crdi,1190000,diesel,white
tata,harrier xt plus dark edition,1930000,diesel,black
toyota,innova 2.5 gx bs iv 7 str,990000,diesel,gold
hyundai,elite i20 asta 1.2 (o) [2016],725000,petrol,red
mercedes-benz,c-class c220d progressive,6100000,diesel,grey
maruti suzuki,ciaz vxi,575000,petrol,red
land rover,discovery sport hse luxury,3200000,diesel,blue
toyota,innova zx 2.4 at 7 str,2850000,diesel,white
maruti suzuki,ertiga zxi+,725000,petrol,grey
nissan,sunny xv diesel,380000,diesel,grey
honda,amaze 1.2 vx at i-vtec,434999,petrol,white
volkswagen,polo comfortline 1.2l (p),425000,petrol,silver
honda,amaze 1.2 e mt petrol [2018-2020],675000,petrol,white
hyundai,xcent s 1.2,399000,petrol,white
volkswagen,vento highline diesel at,685000,diesel,grey
volkswagen,vento highline plus 1.6 (p),940000,petrol,maroon
mercedes-benz,gls 450 4matic,13100000,petrol,white
audi,q5 2.0 tdi quattro technology pack,2690000,diesel,white
honda,city vx,1255000,petrol,white
hyundai,grand i10 magna 1.2 kappa vtvt [2013-2016],390000,petrol,orange
hyundai,verna fluidic 1.6 crdi sx opt,525000,diesel,white
audi,q2 premium 40 tfsi quattro,3450000,petrol,blue
mahindra,xuv500 w10,1090000,diesel,white
honda,city 1.5 s mt,275000,petrol,grey
toyota,etios 1.2 g,434999,petrol,silver
hyundai,tucson gl 2wd at diesel,2089999,diesel,white
maruti suzuki,swift dzire vdi,500000,diesel,silver
maruti suzuki,swift dzire vdi,400000,diesel,silver
hyundai,i10 era 1.1 irde2 [2010-2017],225000,petrol,white
mahindra,xuv300 1.5 w6 [2019-2020],965000,diesel,black
hyundai,creta e plus 1.4 crdi,825000,diesel,white
hyundai,santro gl plus,254999,petrol,silver
mahindra,bolero sle bs iv,525000,diesel,white
ford,ecosport trend 1.5 tdci,285000,diesel,silver
chevrolet,beat lt diesel,229999,diesel,silver
volvo,xc40 t4 r-design,4400000,petrol,white
maruti suzuki,alto vxi,200000,petrol,orange
maruti suzuki,vitara brezza zdi plus ags,1011000,diesel,silver
mercedes-benz,glc 220d 4matic progressive [2019-2021],6500000,diesel,silver
maruti suzuki,s-cross alpha 1.6,1063000,diesel,others
maruti suzuki,ertiga vxi at,675000,petrol,blue
mercedes-benz,e-class e 220 d avantgarde,7475000,diesel,black
mercedes-benz,glc 220d 4matic progressive,7000000,diesel,black
audi,q5 2.0 tdi quattro premium,2175000,diesel,white
honda,city vx cvt,690000,petrol,silver
audi,a3 35 tdi technology + sunroof,1525000,diesel,red
honda,accord 2.4 at,475000,petrol,gold
hyundai,verna sx plus 1.6 crdi at,1123000,diesel,silver
maruti suzuki,ertiga zxi at,990000,petrol,white
bmw,5-series 530d m sport [2013-2017],5250000,diesel,blue
honda,amaze 1.5 vx i-dtec,515000,diesel,brown
maruti suzuki,ciaz delta hybrid 1.5 at [2018-2020],850000,petrol,grey
maruti suzuki,vitara brezza vdi,865000,diesel,grey
maruti suzuki,swift dzire vdi,365000,diesel,white
mercedes-benz,gl-class 350 cdi,3390000,diesel,silver
audi,a6 2.0 tdi premium plus,1450000,diesel,black
mahindra,scorpio s2,650000,diesel,white
audi,a4 2.0 tdi (177bhp) premium plus,1175000,diesel,white
hyundai,eon magna +,325000,petrol,silver
renault,duster 85 ps rxl diesel,525000,diesel,silver
maruti suzuki,ertiga zxi plus,1225000,petrol,white
mercedes-benz,a-class sedan 200d,4200000,diesel,grey
hyundai,elite i20 asta 1.2,550000,petrol,red
hyundai,creta sx 1.6 crdi,1275000,diesel,white
land rover,discovery sport hse luxury,3900000,diesel,grey
renault,kwid rxt [2015-2019],434999,petrol,grey
maruti suzuki,ertiga vxi,775000,petrol,silver
hyundai,i10 sportz 1.2 at,185000,petrol,black
hyundai,grand i10 sportz (o) 1.2 kappa vtvt [2017-2018],560000,petrol,grey
toyota,innova 2.5 zx 7 str bs-iv,1000000,diesel,silver
mercedes-benz,gle 350 d,5000000,diesel,grey
maruti suzuki,ciaz zdi (o) [2014-2015],635000,diesel,white
maruti suzuki,dzire vxi,650000,petrol,white
datsun,go t (o),345000,petrol,silver
mahindra,xuv500 w6 2013,865000,diesel,white
audi,a4 2.0 tdi (143bhp),1380000,diesel,black
maruti suzuki,ciaz s 1.4 mt,585000,petrol,brown
toyota,glanza g,690000,petrol,blue
maruti suzuki,wagon r lxi cng (o),380000,cng,silver
tata,hexa xm 4x2 7 str,850000,diesel,white
toyota,fortuner 3.0 4x4 mt,1750000,diesel,white
maruti suzuki,ritz vdi bs-iv,275000,diesel,silver
volkswagen,vento comfortline 1.6 (p),690000,petrol,gold
hyundai,elite i20 asta 1.0 turbo imt dual tone,1130000,petrol,white
toyota,innova 2.8 zx at 7 str [2016-2020],2295000,diesel,silver
mercedes-benz,a-class sedan 200,4100000,petrol,blue
tata,nexon xm diesel,725000,diesel,white
hyundai,elite i20 magna executive 1.2,595000,petrol,white
hyundai,i10 magna 1.2 kappa2,290000,petrol,white
jeep,wrangler rubicon,6100000,petrol,red
mahindra,xuv300 1.5 w6 [2019-2020],1080000,diesel,white
toyota,etios gd,299000,diesel,blue
maruti suzuki,swift lxi (o) [2014-2017],575000,petrol + cng,silver
honda,amaze 1.2 s at i-vtec,390000,petrol,red
mahindra,scorpio s10,875000,diesel,white
hyundai,venue sx 1.4 crdi,1175000,diesel,white
maruti suzuki,alto vxi,260000,petrol,bronze
honda,amaze 1.2 e i-vtec,650000,petrol,white
volkswagen,ameo highline1.2l (p) [2016-2018],625000,petrol,bronze
mg,hector sharp 2.0 diesel [2019-2020],1725000,diesel,red
maruti suzuki,wagon r lxi cng (o),299000,cng,brown
hyundai,i10 sportz 1.2 at kappa2,375000,petrol,red
maruti suzuki,celerio zxi amt,639000,petrol,silver
maruti suzuki,ciaz vdi+ shvs,591000,diesel,white
mercedes-benz,gle 250 d,4200000,diesel,black
honda,city 1.5 s at,250000,petrol,grey
kia,seltos htx 1.5 [2020-2021],1399000,petrol,silver
hyundai,aura s 1.2 cng,740000,cng,silver
hyundai,i10 magna,175000,petrol,blue
bmw,5-series 530d m sport [2013-2017],1600000,diesel,blue
honda,city s diesel,250000,diesel,bronze
renault,duster 85 ps sandstorm edition diesel,625000,diesel,white
bmw,5-series 520d luxury line [2017-2019],4800000,diesel,black
maruti suzuki,swift zxi,575000,petrol,white
bmw,x1 sdrive20d xline,2800000,diesel,brown
honda,jazz vx cvt petrol,785000,petrol,red
land rover,discovery sport hse luxury 7-seater,4575000,diesel,blue
audi,q3 35 tdi premium + sunroof,1950000,diesel,white
bmw,5-series 520d luxury line [2017-2019],4800000,diesel,black
toyota,innova 2.4 vx 8 str [2016-2020],1998999,diesel,silver
ford,ecosport ambiente 1.5l ti-vct,475000,petrol,white
hyundai,verna fluidic 1.6 crdi sx,415000,diesel,silver
hyundai,i20 magna (o) 1.4 crdi,375000,diesel,white
toyota,etios v,300000,petrol,silver
mahindra,thar lx 4-str hard top petrol mt,1500000,petrol,red
maruti suzuki,vitara brezza vdi (o) [2016-2018],975000,diesel,white
maruti suzuki,alto vxi [2014-2019],370000,petrol,grey
hyundai,i10 era 1.1 irde2 [2010-2017],250000,petrol,white
jaguar,xj 3.0 v6 portfolio,3150000,diesel,white
mahindra,xuv500 w9 [2018-2020],1115000,diesel,grey
hyundai,i10 era,130000,petrol,silver
maruti suzuki,swift vxi,299000,petrol,silver
hyundai,i20 magna 1.2,300000,petrol,silver
skoda,superb sportline at,3325000,petrol,white
audi,a4 35 tdi premium,1950000,diesel,white
maruti suzuki,swift dzire vdi,500000,diesel,white
hyundai,i20 active 1.2 sx,595000,petrol,white
maruti suzuki,celerio x zxi amt [2017-2019],484999,petrol,grey
mahindra,thar lx 4-str convertible diesel mt,1700000,diesel,silver
maruti suzuki,wagon r vxi 1.2,579000,petrol,grey
ford,endeavour titanium 2.0 4x2 at,3800000,diesel,black
toyota,fortuner 2.8 4x2 at [2016-2020],3290000,diesel,white
mercedes-benz,c-class c 220d progressive [2018-2019],4250000,diesel,white
maruti suzuki,baleno delta 1.2,535000,petrol,grey
renault,duster 110 ps rxl 4x2 amt [2016-2017],775000,diesel,white
maruti suzuki,celerio vxi amt,345000,petrol,silver
skoda,octavia rs,3400000,petrol,red
bmw,5-series 520d luxury line [2017-2019],4500000,diesel,black
honda,jazz v petrol,525000,petrol,grey
hyundai,elite i20 asta 1.2 [2016-2017],650000,petrol,grey
hyundai,creta 1.6 sx plus at petrol,1074000,petrol,white
hyundai,creta 1.6 sx,1750000,diesel,black
nissan,terrano xl d plus,590000,diesel,grey
ford,mustang gt fastback 5.0l v8,7990000,petrol,yellow
hyundai,creta sx (o) 1.5 diesel [2020-2022],1725000,diesel,white
maruti suzuki,celerio zxi amt [2019-2020],630000,petrol,silver
mercedes-benz,cls 300d [2018-2019],6975000,diesel,white
toyota,fortuner 3.0 4x2 mt,1375000,diesel,white
honda,amaze 1.5 s i-dtec,425000,diesel,brown
toyota,innova 2.8 gx at 8 str [2016-2020],2196000,diesel,white
mercedes-benz,v-class elite lwb,6300000,diesel,silver
honda,city 1.5 s mt,250000,petrol,black
audi,a3 35 tdi premium plus + sunroof,2950000,diesel,red
mahindra,scorpio s6 plus intelli-hybrid,985000,diesel,white
hyundai,venue s 1.0 at petrol [2019-2020],750000,petrol,white
maruti suzuki,wagon r vxi (o),450000,petrol,white
maruti suzuki,vitara brezza vxi,849000,petrol,white
maruti suzuki,swift dzire vxi,430000,petrol,blue
maruti suzuki,ertiga vdi shvs,740000,diesel,white
bmw,x7 xdrive40i m sport,12500000,petrol,white
hyundai,creta sx 1.6 at petrol,1260000,petrol,grey
renault,kwid rxt [2015-2019],250000,petrol,white
hyundai,verna sx (o) at anniversary edition 1.6 vtvt,975000,petrol,grey
audi,a4 premium plus 40 tfsi,4151000,petrol,black
bmw,x1 sdrive20d,3250000,diesel,blue
ford,endeavour titanium 3.2 4x4 at,3450000,diesel,white
bmw,x3 xdrive30i m sport,6680000,petrol,blue
mahindra,tuv300 t8,600000,diesel,white
hyundai,elantra 2.0 sx (o) at,1465000,petrol,silver
hyundai,verna fluidic 1.6 vtvt sx,475000,petrol,silver
renault,kiger rxz amt,1000000,petrol,white
toyota,innova 2.8 zx at 7 str [2016-2020],1850000,diesel,white
maruti suzuki,ciaz zxi+,570000,petrol,white
hyundai,verna 1.6 vtvt sx at,770000,petrol,white
honda,city v cvt petrol [2017-2019],1040000,petrol,brown
mahindra,scorpio sle bs-iv,675000,diesel,white
maruti suzuki,swift dzire vxi,450000,petrol,silver
maruti suzuki,swift zxi,800000,petrol,white
tata,safari 2.2 vx 4x2 varicor400,2200000,diesel,green
mahindra,xuv500 w10,1075000,diesel,silver
maruti suzuki,dzire ldi,560000,diesel,white
hyundai,grand i10 sportz 1.2 kappa vtvt [2013-2016],450000,petrol,grey
volvo,s90 momentum d4 [2018-2020],4175000,diesel,white
mini,cooper jcw hatchback,5200000,petrol,yellow
hyundai,verna ex 1.6 crdi [2017-2018],810000,diesel,red
mercedes-benz,s-class s 500,1875000,petrol,silver
honda,jazz s at [2015-2016],520000,petrol,white
mercedes-benz,gle 300d 4matic lwb,8900000,diesel,black
maruti suzuki,swift vdi,425000,diesel,blue
maruti suzuki,swift vxi,325000,petrol,blue
volvo,xc60 inscription,1950000,diesel,white
bmw,x3 xdrive-20d xline,5300000,diesel,blue
mahindra,scorpio s2,950000,diesel,blue
volvo,xc90 d5 inscription,8500000,diesel,white
audi,a6 35 tdi matrix,1975000,diesel,white
mercedes-benz,gle 250 d,4200000,diesel,black
mercedes-benz,c-class c 220d progressive [2018-2019],3500000,diesel,black
renault,kwid climber 1.0 [2017-2019],375000,petrol,grey
mercedes-benz,gla 200 d sport,1825000,diesel,white
mahindra,thar lx 4-str hard top petrol at,1710000,petrol,black
maruti suzuki,celerio vxi amt,375000,petrol,red
maruti suzuki,alto 800 vxi,285000,petrol,white
mahindra,thar ax 6-str soft top petrol mt,1850000,petrol,red
maruti suzuki,ertiga zdi,621000,diesel,blue
mitsubishi,pajero 2.5 at,1475000,diesel,grey
toyota,fortuner 3.0 4x2 at,1800000,diesel,white
hyundai,grand i10 magna 1.2 kappa vtvt [2013-2016],399000,petrol,silver
hyundai,creta 1.6 sx plus special edition,890000,diesel,white
hyundai,verna fluidic 1.6 vtvt sx opt at,1325000,petrol,blue
mercedes-benz,c-class 220 cdi at,5300000,diesel,white
mercedes-benz,e-class e 220d expression [2019-2019],4775000,diesel,white
mahindra,quanto c4,249000,diesel,red
maruti suzuki,celerio vxi (o) [2019-2020],509999,petrol,white
jeep,compass limited 2.0 diesel 4x4 [2017-2020],1450000,diesel,black
maruti suzuki,s-cross delta 1.6,640000,diesel,grey
maruti suzuki,celerio ldi [2015-2017],299000,diesel,silver
maruti suzuki,wagon r duo lxi lpg,195000,lpg,white
mercedes-benz,s-class 350 cdi l,1495000,diesel,red
porsche,cayenne base,14900000,petrol,blue
toyota,etios liva g,350000,petrol,black
toyota,innova 2.4 vx 7 str [2016-2020],1421000,diesel,white
honda,jazz v at petrol,595000,petrol,brown
maruti suzuki,swift dzire vdi,351000,diesel,white
mahindra,xuv500 w8 awd,975000,diesel,silver
maruti suzuki,ciaz delta hybrid 1.5 [2018-2020],825000,petrol,white
tata,hexa xt 4x2 6 str,1050000,diesel,blue
audi,q3 30 tdi premium fwd,1970000,diesel,blue
bmw,2 series gran coupe 220d m sport [2020-2021],4100000,diesel,blue
audi,a4 35 tdi premium sunroof,1525000,diesel,silver
mercedes-benz,a-class sedan 200,4150000,petrol,white
maruti suzuki,vitara brezza zdi plus,725000,diesel,gold
toyota,corolla altis 1.8 g,340000,petrol,white
maruti suzuki,baleno delta 1.2,650000,petrol,blue
maruti suzuki,swift lxi (o) [2014-2017],570000,petrol,silver
mahindra,scorpio s5 2wd 7 str,1220000,diesel,white
mahindra,xuv500 w4 1.99,800000,diesel,silver
maruti suzuki,baleno zeta 1.2 at,660000,petrol,blue
honda,wr-v vx mt petrol,575000,petrol,gold
mahindra,quanto c8,240000,diesel,maroon
honda,city v petrol,950000,petrol,white
renault,kwid rxt [2015-2019],419000,petrol,bronze
maruti suzuki,swift dzire vxi at,750000,petrol,white
audi,a4 35 tdi premium plus,3400000,diesel,white
skoda,octavia elegance 2.0 tdi at,1160000,diesel,black
hyundai,alcazar platinum 7 str 1.5 diesel,1750000,diesel,white
kia,seltos htk plus at 1.5 diesel [2020-2021],1575000,diesel,white
toyota,fortuner 2.8 4x2 at [2016-2020],2811000,diesel,white
hyundai,grand i10 asta 1.2 kappa vtvt [2013-2016],475000,petrol,maroon
audi,a6 35 tdi matrix,4351000,diesel,white
honda,city vx petrol [2017-2019],850000,petrol,grey
mahindra,xuv500 w5 [2018-2020],1095000,diesel,maroon
bmw,5-series 530d m sport,7700000,diesel,white
audi,a6 technology 45 tfsi,5800000,petrol,brown
hyundai,creta sx 1.5 petrol cvt [2020-2022],1925000,petrol,white
renault,kwid rxl [2015-2019],305000,petrol,red
nissan,terrano xl d plus,385000,diesel,grey
skoda,rapid elegance 1.6 tdi cr mt,500000,diesel,black
honda,jazz v petrol,655000,petrol,brown
tata,nexon xz plus diesel,925000,diesel,red
hyundai,elite i20 asta 1.4 crdi,690000,diesel,white
mahindra,xuv500 w11,1500000,diesel,white
maruti suzuki,ertiga zdi,625000,diesel,grey
hyundai,verna 1.6 crdi sx (o),844999,diesel,white
honda,br-v v cvt petrol,745000,petrol,silver
mahindra,tuv300 t6 plus amt,650000,diesel,white
maruti suzuki,vitara brezza vdi (o) [2016-2018],640000,diesel,maroon
volvo,v40 d3 r-design,2050000,diesel,white
maruti suzuki,celerio vxi amt,395000,petrol,red
skoda,octavia 1.8 tsi style plus at [2017],1390000,petrol,white
honda,city 1.5 v mt,365000,petrol,gold
hyundai,xcent s 1.1 crdi special edition,451000,diesel,white
toyota,innova 2.8 zx at 7 str [2016-2020],2150000,diesel,grey
skoda,rapid 1.6 mpi active,880000,petrol,white
hyundai,verna fluidic 1.6 vtvt sx opt at,1180000,petrol,white
maruti suzuki,alto 800 lxi,285000,petrol,white
hyundai,verna 1.6 crdi sx,925000,diesel,white
ford,aspire titanium1.5 tdci [2018-2020],675000,diesel,white
mini,cooper d 5 door,2500000,diesel,yellow
audi,a6 35 tdi matrix,3675000,diesel,black
hyundai,alcazar signature (o) 7 seater 1.5 diesel at,2400000,diesel,white
kia,seltos htk 1.5 diesel [2020-2021],1300000,diesel,silver
hyundai,grand i10 nios sportz amt 1.2 kappa vtvt,825000,petrol,blue
toyota,innova 2.5 gx bs iv 8 str,899000,diesel,silver
maruti suzuki,alto 800 vxi,409999,petrol,silver
maruti suzuki,alto 800 lxi cng,289000,cng,white
maruti suzuki,alto lxi,280000,petrol,gold
hyundai,verna sx (o) 1.6 crdi,811999,diesel,white
bmw,5-series 530d m sport [2017-2019],5400000,diesel,white
volkswagen,polo highline1.5l (d),625000,diesel,grey
maruti suzuki,vitara brezza zdi,725000,diesel,white
bmw,x3 20d m sport,4195000,diesel,white
audi,q3 35 tdi premium plus + sunroof,1450000,diesel,blue
nissan,terrano xe (d),425000,diesel,silver
hyundai,eon sportz,250000,petrol,red
maruti suzuki,dzire vdi,800000,diesel,gold
mahindra,scorpio s10,875000,diesel,white
mercedes-benz,gla 200 d sport,2275000,diesel,brown
tata,tiago nrg petrol,525000,petrol,bronze
mercedes-benz,s-class s 450,20000000,petrol,white
mahindra,thar lx 4-str hard top petrol mt,1520000,petrol,brown
hyundai,i10 magna,170000,petrol,silver
ford,endeavour titanium plus 3.2 4x4 at,3300000,diesel,silver
maruti suzuki,celerio zxi amt [2017-2019],575000,petrol,orange
chevrolet,spark ls 1.0 bs-iii,190000,petrol,white
hyundai,grand i10 nios sportz 1.2 kappa vtvt,755000,petrol,white
honda,cr-v 2.0l 2wd at,1130000,petrol,brown
maruti suzuki,swift dzire lxi,610000,petrol,red
audi,q3 35 tdi premium plus + sunroof,1875000,diesel,white
maruti suzuki,alto 800 lxi cng,480000,cng,grey
renault,kwid 1.0 rxl [2017-2019],365000,petrol,brown
ford,ecosport titanium+ 1.5l tdci,745000,diesel,white
mercedes-benz,b-class b180 sports,1150000,petrol,silver
hyundai,xcent sx 1.1 crdi (o),200000,diesel,white
honda,city vx cvt,775000,petrol,brown
hyundai,creta sx plus 1.6  petrol,860000,petrol,white
audi,a3 35 tfsi premium plus,2089999,petrol,white
hyundai,verna 1.6 crdi sx,1100000,diesel,white
mercedes-benz,s-class s 350d [2018-2020],18500000,diesel,white
maruti suzuki,swift dzire vdi,260000,diesel,white
mercedes-benz,e-class e 250 cdi avantgarde,2690000,diesel,silver
skoda,octavia 2.0 tdi l&k,1400000,diesel,grey
hyundai,santro sportz [2018-2020],515000,petrol,others
maruti suzuki,ertiga vdi,600000,diesel,white
ford,endeavour titanium 3.2 4x4 at,2000000,diesel,white
jaguar,xe prestige diesel,2850000,diesel,white
toyota,fortuner 2.8 4x4 at [2016-2020],3200000,diesel,grey
toyota,corolla altis gl petrol,1075000,petrol,white
tata,altroz xt petrol,575000,petrol,white
volvo,xc40 d4 r-design,3950000,diesel,white
maruti suzuki,ciaz delta hybrid 1.5 [2018-2020],750000,petrol,blue
honda,wr-v vx mt diesel,755000,diesel,white
hyundai,i10 sportz 1.2,190000,petrol,white
maruti suzuki,swift dzire vdi,425000,diesel,white
maruti suzuki,alto 800 lxi cng,390000,cng,white
hyundai,verna 1.6 crdi sx,855000,diesel,grey
hyundai,eon era +,225000,petrol,grey
audi,a6 35 tdi matrix,2425000,diesel,white
mahindra,scorpio s9 2wd 7 str,1270000,diesel,white
maruti suzuki,wagon r lxi cng (o),325000,cng,red
tata,nexon xm,750000,petrol,silver
maruti suzuki,celerio zxi amt [2019-2020],450000,petrol,silver
mg,hector sharp 2.0 diesel [2019-2020],1710000,diesel,grey
hyundai,creta 1.6 sx (o),871000,diesel,white
maruti suzuki,wagon r lxi cng (o),625000,cng,silver
mahindra,kuv100 k6 d 6 str [2016-2017],495000,diesel,orange
honda,city v diesel,600000,diesel,silver
hyundai,verna fluidic 1.6 crdi sx,595000,diesel,black
honda,amaze 1.2 s i-vtec,425000,petrol,red
hyundai,venue sx (o) 1.0 turbo imt,1050000,petrol,blue
hyundai,creta sx 1.6 crdi,1299000,diesel,white
hyundai,i10 magna,175000,petrol,red
maruti suzuki,xl6 zeta mt petrol,994999,petrol,brown
maruti suzuki,ertiga vxi cng,1025000,cng,brown
renault,kwid 1.0 rxt [2016-2019],265000,petrol,red
maruti suzuki,baleno sigma 1.2,475000,petrol,grey
hyundai,elite i20 sportz 1.2 (o),660000,petrol,grey
renault,kwid 1.0 rxt amt opt,490000,petrol,bronze
toyota,innova 2.7 gx at 7 str [2016-2020],1950000,petrol,silver
nissan,sunny xl,315000,petrol,white
mercedes-benz,gle 250 d,4190000,diesel,black
honda,brio s mt,341000,petrol,white
maruti suzuki,vitara brezza zdi plus,950000,diesel,white
maruti suzuki,swift vxi,409999,petrol,grey
maruti suzuki,ciaz zeta 1.3 hybrid,1050000,diesel,white
maruti suzuki,swift vxi,365000,petrol,blue
mercedes-benz,cla 200 d urban sport,3100000,diesel,red
mahindra,thar lx 4-str hard top diesel at,1875000,diesel,grey
land rover,discovery sport hse petrol 7-seater,5100000,petrol,blue
ford,ecosport titanium 1.5 tdci,595000,diesel,silver
mercedes-benz,e-class e 220d exclusive [2019-2019],5200000,diesel,white
land rover,range rover sport sdv6 se,6000000,diesel,white
mercedes-benz,gle 250 d,5775000,diesel,black
mercedes-benz,c-class c200 progressive,4975000,petrol,white
maruti suzuki,ciaz vdi+ shvs,650000,diesel,white
maruti suzuki,ignis zeta 1.2 amt,521000,petrol,red
ford,ecosport titanium 1.5l tdci,570000,diesel,black
mercedes-benz,glc 220d 4matic progressive,8100000,diesel,white
renault,kwid 1.0 rxt [2016-2019],299000,petrol,red
skoda,rapid ambition 1.6 tdi cr mt,350000,diesel,white
maruti suzuki,swift dzire vdi,575000,diesel,white
honda,brio vx at,335000,petrol,silver
hyundai,grand i10 sportz 1.2 kappa vtvt [2016-2017],480000,petrol,grey
maruti suzuki,wagon r lxi 1.0 cng,675000,cng,white
ford,fiesta titanium diesel,350000,diesel,silver
mercedes-benz,gla 200 d style,2500000,diesel,bronze
maruti suzuki,wagon r lxi cng,400000,cng,grey
toyota,fortuner 2.8 4x4 at [2016-2020],2750000,diesel,white
maruti suzuki,vitara brezza zdi plus,790000,diesel,white
maruti suzuki,alto 800 std,180000,petrol,silver
hyundai,xcent sx 1.1 crdi,551000,diesel,white
maruti suzuki,vitara brezza vdi,860000,diesel,red
honda,city 1.5 e mt,375000,petrol,purple
maruti suzuki,ciaz alpha 1.4 at,725000,petrol,white
hyundai,grand i10 sportz 1.2 kappa vtvt [2016-2017],400000,petrol,blue
jeep,compass limited (o) 1.4 petrol dct,2275000,petrol,green
jeep,compass limited 2.0 diesel [2017-2020],1250000,diesel,silver
honda,city 1.5 s mt,499000,petrol,silver
volkswagen,vento highline petrol at,399000,petrol,silver
mercedes-benz,e-class 280 cdi elegance,335000,diesel,gold
maruti suzuki,swift dzire vxi,450000,petrol,white
maruti suzuki,celerio vxi amt,409999,petrol,white
mercedes-benz,e-class e 220d exclusive [2019-2019],6100000,diesel,silver
audi,a4 30 tfsi technology pack,3000000,petrol,white
datsun,redigo t(o) 1.0,250000,petrol,grey
bmw,x3 xdrive 20d luxury line [2018-2020],6200000,diesel,white
maruti suzuki,swift vdi,590000,diesel,white
mini,countryman cooper d,1300000,diesel,green
mahindra,xuv500 w11 (o) at,1639999,diesel,bronze
mahindra,xuv500 w8,740000,diesel,black
ford,ecosport titanium 1.5 tdci,530000,diesel,white
hyundai,creta sx (o) 1.5 diesel automatic,1989999,diesel,white
toyota,fortuner 2.8 4x2 mt [2016-2020],3250000,diesel,white
kia,seltos gtx plus at 1.4 [2019-2020],1975000,petrol,grey
mahindra,xuv500 w10 awd,735000,diesel,white
tata,safari 2.2 ex 4x2,425000,diesel,white
toyota,etios liva g,315000,petrol,red
hyundai,eon sportz,275000,petrol,blue
honda,city sv diesel,750000,diesel,white
toyota,etios vxd,465000,diesel,silver
kia,sonet gtx plus 1.0 imt [2020-2021],1325000,petrol,maroon
maruti suzuki,swift dzire vdi,175000,diesel,silver
mercedes-benz,e-class e200,950000,petrol,black
maruti suzuki,swift dzire vdi,275000,diesel,white
toyota,fortuner 3.0 mt,1000000,diesel,white
honda,city v,730000,petrol,grey
jeep,compass limited 1.4 petrol at [2017-2020],1495000,petrol,silver
mercedes-benz,b-class b180,1150000,petrol,white
honda,city sv cvt,590000,petrol,brown
mercedes-benz,c-class c 220 cdi avantgarde,2450000,diesel,white
chevrolet,sail sedan 1.2 ls,299000,petrol,silver
mercedes-benz,c-class c 220 cdi avantgarde,2850000,diesel,silver
mahindra,xuv700 ax 7 petrol at luxury pack 7 str,2765000,petrol,blue
maruti suzuki,wagon r lxi cng (o),365000,cng,grey
maruti suzuki,vitara brezza zdi,850000,diesel,maroon
honda,city v,480000,petrol,grey
hyundai,grand i10 asta 1.1 crdi [2013-2016],345000,diesel,white
mercedes-benz,gls 400 4matic,5950000,petrol,black
hyundai,creta sx plus 1.6  petrol,891000,petrol,white
maruti suzuki,vitara brezza vxi,925000,petrol,white
maruti suzuki,ritz vxi (abs) bs-iv,245000,petrol,white
mahindra,xuv500 w8 [2015-2017],850000,diesel,white
hyundai,eon d-lite +,275000,petrol,white
ford,figo duratec petrol zxi 1.2,240000,petrol,silver
bmw,5-series 520d luxury line [2017-2019],4290000,diesel,white
